{
    "epoch": 1,
    "train_loss": 28.327260971069336,
    "train_accuracy": 12.0,
    "val_loss": 28.327260971069336,
    "val_accuracy": 12.0,
    "val_confusion_matrix": [
        [
            0,
            0,
            0,
            0,
            0,
            0,
            0,
            0,
            0,
            38
        ],
        [
            0,
            0,
            0,
            0,
            0,
            0,
            0,
            0,
            0,
            50
        ],
        [
            0,
            0,
            0,
            0,
            0,
            0,
            0,
            0,
            0,
            51
        ],
        [
            0,
            0,
            0,
            0,
            0,
            0,
            0,
            0,
            0,
            43
        ],
        [
            0,
            0,
            0,
            0,
            0,
            0,
            0,
            0,
            0,
            59
        ],
        [
            0,
            0,
            0,
            0,
            0,
            0,
            0,
            0,
            0,
            54
        ],
        [
            0,
            0,
            0,
            0,
            0,
            0,
            0,
            0,
            0,
            55
        ],
        [
            0,
            0,
            0,
            0,
            0,
            0,
            0,
            0,
            0,
            42
        ],
        [
            0,
            0,
            0,
            0,
            0,
            0,
            0,
            0,
            0,
            48
        ],
        [
            0,
            0,
            0,
            0,
            0,
            0,
            0,
            0,
            0,
            60
        ]
    ],
    "val_classification_report": {
        "plane": {
            "precision": 0.0,
            "recall": 0.0,
            "f1-score": 0.0,
            "support": 38.0
        },
        "car": {
            "precision": 0.0,
            "recall": 0.0,
            "f1-score": 0.0,
            "support": 50.0
        },
        "bird": {
            "precision": 0.0,
            "recall": 0.0,
            "f1-score": 0.0,
            "support": 51.0
        },
        "cat": {
            "precision": 0.0,
            "recall": 0.0,
            "f1-score": 0.0,
            "support": 43.0
        },
        "deer": {
            "precision": 0.0,
            "recall": 0.0,
            "f1-score": 0.0,
            "support": 59.0
        },
        "dog": {
            "precision": 0.0,
            "recall": 0.0,
            "f1-score": 0.0,
            "support": 54.0
        },
        "frog": {
            "precision": 0.0,
            "recall": 0.0,
            "f1-score": 0.0,
            "support": 55.0
        },
        "horse": {
            "precision": 0.0,
            "recall": 0.0,
            "f1-score": 0.0,
            "support": 42.0
        },
        "ship": {
            "precision": 0.0,
            "recall": 0.0,
            "f1-score": 0.0,
            "support": 48.0
        },
        "truck": {
            "precision": 0.12,
            "recall": 1.0,
            "f1-score": 0.21428571428571425,
            "support": 60.0
        },
        "accuracy": 0.12,
        "macro avg": {
            "precision": 0.012,
            "recall": 0.1,
            "f1-score": 0.021428571428571425,
            "support": 500.0
        },
        "weighted avg": {
            "precision": 0.014399999999999998,
            "recall": 0.12,
            "f1-score": 0.025714285714285707,
            "support": 500.0
        }
    }
}
{
    "epoch": 2,
    "train_loss": 53.71935844421387,
    "train_accuracy": 12.0,
    "val_loss": 53.71935844421387,
    "val_accuracy": 12.0,
    "val_confusion_matrix": [
        [
            0,
            0,
            0,
            6,
            0,
            31,
            1,
            0,
            0,
            0
        ],
        [
            0,
            0,
            0,
            9,
            0,
            41,
            0,
            0,
            0,
            0
        ],
        [
            0,
            0,
            0,
            4,
            0,
            47,
            0,
            0,
            0,
            0
        ],
        [
            0,
            0,
            0,
            4,
            0,
            39,
            0,
            0,
            0,
            0
        ],
        [
            0,
            0,
            0,
            3,
            0,
            56,
            0,
            0,
            0,
            0
        ],
        [
            0,
            0,
            0,
            1,
            0,
            53,
            0,
            0,
            0,
            0
        ],
        [
            0,
            0,
            0,
            4,
            0,
            48,
            3,
            0,
            0,
            0
        ],
        [
            0,
            0,
            0,
            5,
            0,
            36,
            1,
            0,
            0,
            0
        ],
        [
            0,
            0,
            0,
            17,
            0,
            30,
            1,
            0,
            0,
            0
        ],
        [
            0,
            0,
            0,
            14,
            0,
            46,
            0,
            0,
            0,
            0
        ]
    ],
    "val_classification_report": {
        "plane": {
            "precision": 0.0,
            "recall": 0.0,
            "f1-score": 0.0,
            "support": 38.0
        },
        "car": {
            "precision": 0.0,
            "recall": 0.0,
            "f1-score": 0.0,
            "support": 50.0
        },
        "bird": {
            "precision": 0.0,
            "recall": 0.0,
            "f1-score": 0.0,
            "support": 51.0
        },
        "cat": {
            "precision": 0.05970149253731343,
            "recall": 0.09302325581395349,
            "f1-score": 0.07272727272727272,
            "support": 43.0
        },
        "deer": {
            "precision": 0.0,
            "recall": 0.0,
            "f1-score": 0.0,
            "support": 59.0
        },
        "dog": {
            "precision": 0.12412177985948478,
            "recall": 0.9814814814814815,
            "f1-score": 0.22037422037422036,
            "support": 54.0
        },
        "frog": {
            "precision": 0.5,
            "recall": 0.05454545454545454,
            "f1-score": 0.09836065573770492,
            "support": 55.0
        },
        "horse": {
            "precision": 0.0,
            "recall": 0.0,
            "f1-score": 0.0,
            "support": 42.0
        },
        "ship": {
            "precision": 0.0,
            "recall": 0.0,
            "f1-score": 0.0,
            "support": 48.0
        },
        "truck": {
            "precision": 0.0,
            "recall": 0.0,
            "f1-score": 0.0,
            "support": 60.0
        },
        "accuracy": 0.12,
        "macro avg": {
            "precision": 0.06838232723967982,
            "recall": 0.11290501918408895,
            "f1-score": 0.039146214883919804,
            "support": 500.0
        },
        "weighted avg": {
            "precision": 0.0735394805830333,
            "recall": 0.12,
            "f1-score": 0.0408746333861088,
            "support": 500.0
        }
    }
}
