{
    "epoch": 1,
    "train_loss": 8.488115787506104,
    "train_accuracy": 7.0,
    "val_loss": 8.488115787506104,
    "val_accuracy": 7.0,
    "val_confusion_matrix": [
        [
            35,
            0,
            0,
            0,
            0,
            0,
            0,
            0,
            0,
            0
        ],
        [
            39,
            0,
            0,
            0,
            0,
            0,
            0,
            0,
            0,
            0
        ],
        [
            50,
            0,
            0,
            0,
            0,
            0,
            0,
            0,
            0,
            0
        ],
        [
            52,
            0,
            0,
            0,
            0,
            0,
            0,
            0,
            0,
            0
        ],
        [
            55,
            0,
            0,
            0,
            0,
            0,
            0,
            0,
            0,
            0
        ],
        [
            59,
            0,
            0,
            0,
            0,
            0,
            0,
            0,
            0,
            0
        ],
        [
            44,
            0,
            0,
            0,
            0,
            0,
            0,
            0,
            0,
            0
        ],
        [
            58,
            0,
            0,
            0,
            0,
            0,
            0,
            0,
            0,
            0
        ],
        [
            54,
            0,
            0,
            0,
            0,
            0,
            0,
            0,
            0,
            0
        ],
        [
            54,
            0,
            0,
            0,
            0,
            0,
            0,
            0,
            0,
            0
        ]
    ],
    "val_classification_report": {
        "plane": {
            "precision": 0.07,
            "recall": 1.0,
            "f1-score": 0.13084112149532712,
            "support": 35.0
        },
        "car": {
            "precision": 0.0,
            "recall": 0.0,
            "f1-score": 0.0,
            "support": 39.0
        },
        "bird": {
            "precision": 0.0,
            "recall": 0.0,
            "f1-score": 0.0,
            "support": 50.0
        },
        "cat": {
            "precision": 0.0,
            "recall": 0.0,
            "f1-score": 0.0,
            "support": 52.0
        },
        "deer": {
            "precision": 0.0,
            "recall": 0.0,
            "f1-score": 0.0,
            "support": 55.0
        },
        "dog": {
            "precision": 0.0,
            "recall": 0.0,
            "f1-score": 0.0,
            "support": 59.0
        },
        "frog": {
            "precision": 0.0,
            "recall": 0.0,
            "f1-score": 0.0,
            "support": 44.0
        },
        "horse": {
            "precision": 0.0,
            "recall": 0.0,
            "f1-score": 0.0,
            "support": 58.0
        },
        "ship": {
            "precision": 0.0,
            "recall": 0.0,
            "f1-score": 0.0,
            "support": 54.0
        },
        "truck": {
            "precision": 0.0,
            "recall": 0.0,
            "f1-score": 0.0,
            "support": 54.0
        },
        "accuracy": 0.07,
        "macro avg": {
            "precision": 0.007000000000000001,
            "recall": 0.1,
            "f1-score": 0.013084112149532711,
            "support": 500.0
        },
        "weighted avg": {
            "precision": 0.004900000000000001,
            "recall": 0.07,
            "f1-score": 0.0091588785046729,
            "support": 500.0
        }
    }
}
{
    "epoch": 2,
    "train_loss": 44.95422554016113,
    "train_accuracy": 10.8,
    "val_loss": 44.95422554016113,
    "val_accuracy": 10.8,
    "val_confusion_matrix": [
        [
            0,
            0,
            0,
            0,
            0,
            0,
            0,
            8,
            0,
            27
        ],
        [
            0,
            0,
            0,
            0,
            0,
            0,
            0,
            16,
            0,
            23
        ],
        [
            0,
            0,
            0,
            0,
            0,
            0,
            0,
            22,
            0,
            28
        ],
        [
            0,
            0,
            0,
            0,
            0,
            0,
            0,
            26,
            0,
            26
        ],
        [
            0,
            0,
            0,
            0,
            0,
            0,
            0,
            26,
            0,
            29
        ],
        [
            0,
            0,
            0,
            0,
            0,
            0,
            0,
            17,
            0,
            42
        ],
        [
            0,
            0,
            0,
            0,
            0,
            0,
            0,
            21,
            0,
            23
        ],
        [
            0,
            0,
            0,
            0,
            0,
            0,
            0,
            29,
            0,
            29
        ],
        [
            0,
            0,
            0,
            0,
            0,
            0,
            0,
            18,
            0,
            36
        ],
        [
            0,
            0,
            0,
            0,
            0,
            0,
            0,
            29,
            0,
            25
        ]
    ],
    "val_classification_report": {
        "plane": {
            "precision": 0.0,
            "recall": 0.0,
            "f1-score": 0.0,
            "support": 35.0
        },
        "car": {
            "precision": 0.0,
            "recall": 0.0,
            "f1-score": 0.0,
            "support": 39.0
        },
        "bird": {
            "precision": 0.0,
            "recall": 0.0,
            "f1-score": 0.0,
            "support": 50.0
        },
        "cat": {
            "precision": 0.0,
            "recall": 0.0,
            "f1-score": 0.0,
            "support": 52.0
        },
        "deer": {
            "precision": 0.0,
            "recall": 0.0,
            "f1-score": 0.0,
            "support": 55.0
        },
        "dog": {
            "precision": 0.0,
            "recall": 0.0,
            "f1-score": 0.0,
            "support": 59.0
        },
        "frog": {
            "precision": 0.0,
            "recall": 0.0,
            "f1-score": 0.0,
            "support": 44.0
        },
        "horse": {
            "precision": 0.13679245283018868,
            "recall": 0.5,
            "f1-score": 0.2148148148148148,
            "support": 58.0
        },
        "ship": {
            "precision": 0.0,
            "recall": 0.0,
            "f1-score": 0.0,
            "support": 54.0
        },
        "truck": {
            "precision": 0.08680555555555555,
            "recall": 0.46296296296296297,
            "f1-score": 0.14619883040935672,
            "support": 54.0
        },
        "accuracy": 0.108,
        "macro avg": {
            "precision": 0.022359800838574424,
            "recall": 0.0962962962962963,
            "f1-score": 0.03610136452241715,
            "support": 500.0
        },
        "weighted avg": {
            "precision": 0.025242924528301885,
            "recall": 0.108,
            "f1-score": 0.04070799220272905,
            "support": 500.0
        }
    }
}
