{
    "epoch": 1,
    "train_loss": 61.85587406158447,
    "train_accuracy": 12.0,
    "val_loss": 61.85587406158447,
    "val_accuracy": 12.0,
    "val_confusion_matrix": [
        [
            0,
            0,
            0,
            0,
            0,
            0,
            0,
            0,
            0,
            38
        ],
        [
            0,
            0,
            0,
            0,
            0,
            0,
            0,
            0,
            0,
            50
        ],
        [
            0,
            0,
            0,
            0,
            0,
            0,
            0,
            0,
            0,
            51
        ],
        [
            0,
            0,
            0,
            0,
            0,
            0,
            0,
            0,
            0,
            43
        ],
        [
            0,
            0,
            0,
            0,
            0,
            0,
            0,
            0,
            0,
            59
        ],
        [
            0,
            0,
            0,
            0,
            0,
            0,
            0,
            0,
            0,
            54
        ],
        [
            0,
            0,
            0,
            0,
            0,
            0,
            0,
            0,
            0,
            55
        ],
        [
            0,
            0,
            0,
            0,
            0,
            0,
            0,
            0,
            0,
            42
        ],
        [
            0,
            0,
            0,
            0,
            0,
            0,
            0,
            0,
            0,
            48
        ],
        [
            0,
            0,
            0,
            0,
            0,
            0,
            0,
            0,
            0,
            60
        ]
    ],
    "val_classification_report": {
        "plane": {
            "precision": 0.0,
            "recall": 0.0,
            "f1-score": 0.0,
            "support": 38.0
        },
        "car": {
            "precision": 0.0,
            "recall": 0.0,
            "f1-score": 0.0,
            "support": 50.0
        },
        "bird": {
            "precision": 0.0,
            "recall": 0.0,
            "f1-score": 0.0,
            "support": 51.0
        },
        "cat": {
            "precision": 0.0,
            "recall": 0.0,
            "f1-score": 0.0,
            "support": 43.0
        },
        "deer": {
            "precision": 0.0,
            "recall": 0.0,
            "f1-score": 0.0,
            "support": 59.0
        },
        "dog": {
            "precision": 0.0,
            "recall": 0.0,
            "f1-score": 0.0,
            "support": 54.0
        },
        "frog": {
            "precision": 0.0,
            "recall": 0.0,
            "f1-score": 0.0,
            "support": 55.0
        },
        "horse": {
            "precision": 0.0,
            "recall": 0.0,
            "f1-score": 0.0,
            "support": 42.0
        },
        "ship": {
            "precision": 0.0,
            "recall": 0.0,
            "f1-score": 0.0,
            "support": 48.0
        },
        "truck": {
            "precision": 0.12,
            "recall": 1.0,
            "f1-score": 0.21428571428571425,
            "support": 60.0
        },
        "accuracy": 0.12,
        "macro avg": {
            "precision": 0.012,
            "recall": 0.1,
            "f1-score": 0.021428571428571425,
            "support": 500.0
        },
        "weighted avg": {
            "precision": 0.014399999999999998,
            "recall": 0.12,
            "f1-score": 0.025714285714285707,
            "support": 500.0
        }
    }
}
{
    "epoch": 2,
    "train_loss": 94.82502937316895,
    "train_accuracy": 10.8,
    "val_loss": 94.82502937316895,
    "val_accuracy": 10.8,
    "val_confusion_matrix": [
        [
            0,
            0,
            0,
            0,
            0,
            38,
            0,
            0,
            0,
            0
        ],
        [
            0,
            0,
            0,
            0,
            0,
            50,
            0,
            0,
            0,
            0
        ],
        [
            0,
            0,
            0,
            0,
            0,
            51,
            0,
            0,
            0,
            0
        ],
        [
            0,
            0,
            0,
            0,
            0,
            43,
            0,
            0,
            0,
            0
        ],
        [
            0,
            0,
            0,
            0,
            0,
            59,
            0,
            0,
            0,
            0
        ],
        [
            0,
            0,
            0,
            0,
            0,
            54,
            0,
            0,
            0,
            0
        ],
        [
            0,
            0,
            0,
            0,
            0,
            55,
            0,
            0,
            0,
            0
        ],
        [
            0,
            0,
            0,
            0,
            0,
            42,
            0,
            0,
            0,
            0
        ],
        [
            0,
            0,
            0,
            0,
            0,
            48,
            0,
            0,
            0,
            0
        ],
        [
            0,
            0,
            0,
            0,
            0,
            60,
            0,
            0,
            0,
            0
        ]
    ],
    "val_classification_report": {
        "plane": {
            "precision": 0.0,
            "recall": 0.0,
            "f1-score": 0.0,
            "support": 38.0
        },
        "car": {
            "precision": 0.0,
            "recall": 0.0,
            "f1-score": 0.0,
            "support": 50.0
        },
        "bird": {
            "precision": 0.0,
            "recall": 0.0,
            "f1-score": 0.0,
            "support": 51.0
        },
        "cat": {
            "precision": 0.0,
            "recall": 0.0,
            "f1-score": 0.0,
            "support": 43.0
        },
        "deer": {
            "precision": 0.0,
            "recall": 0.0,
            "f1-score": 0.0,
            "support": 59.0
        },
        "dog": {
            "precision": 0.108,
            "recall": 1.0,
            "f1-score": 0.19494584837545126,
            "support": 54.0
        },
        "frog": {
            "precision": 0.0,
            "recall": 0.0,
            "f1-score": 0.0,
            "support": 55.0
        },
        "horse": {
            "precision": 0.0,
            "recall": 0.0,
            "f1-score": 0.0,
            "support": 42.0
        },
        "ship": {
            "precision": 0.0,
            "recall": 0.0,
            "f1-score": 0.0,
            "support": 48.0
        },
        "truck": {
            "precision": 0.0,
            "recall": 0.0,
            "f1-score": 0.0,
            "support": 60.0
        },
        "accuracy": 0.108,
        "macro avg": {
            "precision": 0.0108,
            "recall": 0.1,
            "f1-score": 0.019494584837545126,
            "support": 500.0
        },
        "weighted avg": {
            "precision": 0.011663999999999999,
            "recall": 0.108,
            "f1-score": 0.021054151624548736,
            "support": 500.0
        }
    }
}
