{
    "epoch": 1,
    "train_loss": 20.27580690383911,
    "train_accuracy": 10.8,
    "val_loss": 20.27580690383911,
    "val_accuracy": 10.8,
    "val_confusion_matrix": [
        [
            45,
            0,
            0,
            3,
            0,
            0,
            0,
            0,
            0,
            0
        ],
        [
            48,
            0,
            0,
            7,
            0,
            0,
            0,
            0,
            0,
            0
        ],
        [
            40,
            0,
            0,
            9,
            0,
            0,
            0,
            2,
            0,
            0
        ],
        [
            42,
            0,
            0,
            7,
            0,
            0,
            0,
            3,
            0,
            0
        ],
        [
            27,
            0,
            0,
            5,
            0,
            0,
            0,
            6,
            0,
            0
        ],
        [
            42,
            0,
            0,
            5,
            0,
            0,
            0,
            1,
            0,
            0
        ],
        [
            38,
            0,
            0,
            9,
            0,
            0,
            0,
            7,
            0,
            0
        ],
        [
            49,
            0,
            0,
            4,
            0,
            0,
            0,
            2,
            0,
            0
        ],
        [
            42,
            0,
            0,
            1,
            0,
            0,
            0,
            0,
            0,
            0
        ],
        [
            56,
            0,
            0,
            0,
            0,
            0,
            0,
            0,
            0,
            0
        ]
    ],
    "val_classification_report": {
        "plane": {
            "precision": 0.1048951048951049,
            "recall": 0.9375,
            "f1-score": 0.18867924528301883,
            "support": 48.0
        },
        "car": {
            "precision": 0.0,
            "recall": 0.0,
            "f1-score": 0.0,
            "support": 55.0
        },
        "bird": {
            "precision": 0.0,
            "recall": 0.0,
            "f1-score": 0.0,
            "support": 51.0
        },
        "cat": {
            "precision": 0.14,
            "recall": 0.1346153846153846,
            "f1-score": 0.13725490196078433,
            "support": 52.0
        },
        "deer": {
            "precision": 0.0,
            "recall": 0.0,
            "f1-score": 0.0,
            "support": 38.0
        },
        "dog": {
            "precision": 0.0,
            "recall": 0.0,
            "f1-score": 0.0,
            "support": 48.0
        },
        "frog": {
            "precision": 0.0,
            "recall": 0.0,
            "f1-score": 0.0,
            "support": 54.0
        },
        "horse": {
            "precision": 0.09523809523809523,
            "recall": 0.03636363636363636,
            "f1-score": 0.05263157894736841,
            "support": 55.0
        },
        "ship": {
            "precision": 0.0,
            "recall": 0.0,
            "f1-score": 0.0,
            "support": 43.0
        },
        "truck": {
            "precision": 0.0,
            "recall": 0.0,
            "f1-score": 0.0,
            "support": 56.0
        },
        "accuracy": 0.108,
        "macro avg": {
            "precision": 0.03401332001332001,
            "recall": 0.1108479020979021,
            "f1-score": 0.03785657261911716,
            "support": 500.0
        },
        "weighted avg": {
            "precision": 0.03510612054612055,
            "recall": 0.108,
            "f1-score": 0.0381771910353019,
            "support": 500.0
        }
    }
}
{
    "epoch": 2,
    "train_loss": 63.1387996673584,
    "train_accuracy": 11.4,
    "val_loss": 63.1387996673584,
    "val_accuracy": 11.4,
    "val_confusion_matrix": [
        [
            0,
            46,
            0,
            0,
            0,
            0,
            0,
            0,
            2,
            0
        ],
        [
            0,
            53,
            0,
            0,
            0,
            0,
            0,
            0,
            2,
            0
        ],
        [
            0,
            49,
            0,
            0,
            0,
            0,
            0,
            0,
            2,
            0
        ],
        [
            0,
            51,
            0,
            0,
            0,
            0,
            0,
            0,
            1,
            0
        ],
        [
            0,
            38,
            0,
            0,
            0,
            0,
            0,
            0,
            0,
            0
        ],
        [
            0,
            48,
            0,
            0,
            0,
            0,
            0,
            0,
            0,
            0
        ],
        [
            0,
            54,
            0,
            0,
            0,
            0,
            0,
            0,
            0,
            0
        ],
        [
            0,
            51,
            0,
            0,
            0,
            0,
            0,
            0,
            4,
            0
        ],
        [
            0,
            39,
            0,
            0,
            0,
            0,
            0,
            0,
            4,
            0
        ],
        [
            0,
            54,
            0,
            0,
            0,
            0,
            0,
            0,
            2,
            0
        ]
    ],
    "val_classification_report": {
        "plane": {
            "precision": 0.0,
            "recall": 0.0,
            "f1-score": 0.0,
            "support": 48.0
        },
        "car": {
            "precision": 0.10973084886128365,
            "recall": 0.9636363636363636,
            "f1-score": 0.19702602230483274,
            "support": 55.0
        },
        "bird": {
            "precision": 0.0,
            "recall": 0.0,
            "f1-score": 0.0,
            "support": 51.0
        },
        "cat": {
            "precision": 0.0,
            "recall": 0.0,
            "f1-score": 0.0,
            "support": 52.0
        },
        "deer": {
            "precision": 0.0,
            "recall": 0.0,
            "f1-score": 0.0,
            "support": 38.0
        },
        "dog": {
            "precision": 0.0,
            "recall": 0.0,
            "f1-score": 0.0,
            "support": 48.0
        },
        "frog": {
            "precision": 0.0,
            "recall": 0.0,
            "f1-score": 0.0,
            "support": 54.0
        },
        "horse": {
            "precision": 0.0,
            "recall": 0.0,
            "f1-score": 0.0,
            "support": 55.0
        },
        "ship": {
            "precision": 0.23529411764705882,
            "recall": 0.09302325581395349,
            "f1-score": 0.13333333333333333,
            "support": 43.0
        },
        "truck": {
            "precision": 0.0,
            "recall": 0.0,
            "f1-score": 0.0,
            "support": 56.0
        },
        "accuracy": 0.114,
        "macro avg": {
            "precision": 0.03450249665083425,
            "recall": 0.10566596194503171,
            "f1-score": 0.03303593556381661,
            "support": 500.0
        },
        "weighted avg": {
            "precision": 0.03230568749238826,
            "recall": 0.114,
            "f1-score": 0.03313952912019827,
            "support": 500.0
        }
    }
}
