{
    "epoch": 1,
    "train_loss": 37.85828495025635,
    "train_accuracy": 10.0,
    "val_loss": 37.85828495025635,
    "val_accuracy": 10.0,
    "val_confusion_matrix": [
        [
            47,
            0,
            1,
            0,
            0,
            0,
            0,
            0,
            0,
            0
        ],
        [
            51,
            0,
            4,
            0,
            0,
            0,
            0,
            0,
            0,
            0
        ],
        [
            48,
            0,
            3,
            0,
            0,
            0,
            0,
            0,
            0,
            0
        ],
        [
            51,
            0,
            1,
            0,
            0,
            0,
            0,
            0,
            0,
            0
        ],
        [
            37,
            0,
            1,
            0,
            0,
            0,
            0,
            0,
            0,
            0
        ],
        [
            46,
            0,
            2,
            0,
            0,
            0,
            0,
            0,
            0,
            0
        ],
        [
            49,
            0,
            5,
            0,
            0,
            0,
            0,
            0,
            0,
            0
        ],
        [
            51,
            0,
            4,
            0,
            0,
            0,
            0,
            0,
            0,
            0
        ],
        [
            43,
            0,
            0,
            0,
            0,
            0,
            0,
            0,
            0,
            0
        ],
        [
            53,
            0,
            3,
            0,
            0,
            0,
            0,
            0,
            0,
            0
        ]
    ],
    "val_classification_report": {
        "plane": {
            "precision": 0.09873949579831932,
            "recall": 0.9791666666666666,
            "f1-score": 0.17938931297709923,
            "support": 48.0
        },
        "car": {
            "precision": 0.0,
            "recall": 0.0,
            "f1-score": 0.0,
            "support": 55.0
        },
        "bird": {
            "precision": 0.125,
            "recall": 0.058823529411764705,
            "f1-score": 0.07999999999999999,
            "support": 51.0
        },
        "cat": {
            "precision": 0.0,
            "recall": 0.0,
            "f1-score": 0.0,
            "support": 52.0
        },
        "deer": {
            "precision": 0.0,
            "recall": 0.0,
            "f1-score": 0.0,
            "support": 38.0
        },
        "dog": {
            "precision": 0.0,
            "recall": 0.0,
            "f1-score": 0.0,
            "support": 48.0
        },
        "frog": {
            "precision": 0.0,
            "recall": 0.0,
            "f1-score": 0.0,
            "support": 54.0
        },
        "horse": {
            "precision": 0.0,
            "recall": 0.0,
            "f1-score": 0.0,
            "support": 55.0
        },
        "ship": {
            "precision": 0.0,
            "recall": 0.0,
            "f1-score": 0.0,
            "support": 43.0
        },
        "truck": {
            "precision": 0.0,
            "recall": 0.0,
            "f1-score": 0.0,
            "support": 56.0
        },
        "accuracy": 0.1,
        "macro avg": {
            "precision": 0.02237394957983193,
            "recall": 0.10379901960784313,
            "f1-score": 0.02593893129770992,
            "support": 500.0
        },
        "weighted avg": {
            "precision": 0.02222899159663866,
            "recall": 0.1,
            "f1-score": 0.02538137404580152,
            "support": 500.0
        }
    }
}
{
    "epoch": 2,
    "train_loss": 53.45983028411865,
    "train_accuracy": 10.6,
    "val_loss": 53.45983028411865,
    "val_accuracy": 10.6,
    "val_confusion_matrix": [
        [
            0,
            0,
            0,
            48,
            0,
            0,
            0,
            0,
            0,
            0
        ],
        [
            0,
            0,
            0,
            55,
            0,
            0,
            0,
            0,
            0,
            0
        ],
        [
            0,
            0,
            0,
            50,
            1,
            0,
            0,
            0,
            0,
            0
        ],
        [
            0,
            0,
            0,
            51,
            1,
            0,
            0,
            0,
            0,
            0
        ],
        [
            0,
            0,
            0,
            36,
            2,
            0,
            0,
            0,
            0,
            0
        ],
        [
            0,
            0,
            0,
            47,
            1,
            0,
            0,
            0,
            0,
            0
        ],
        [
            0,
            0,
            0,
            52,
            2,
            0,
            0,
            0,
            0,
            0
        ],
        [
            0,
            0,
            0,
            55,
            0,
            0,
            0,
            0,
            0,
            0
        ],
        [
            0,
            0,
            0,
            43,
            0,
            0,
            0,
            0,
            0,
            0
        ],
        [
            0,
            0,
            0,
            56,
            0,
            0,
            0,
            0,
            0,
            0
        ]
    ],
    "val_classification_report": {
        "plane": {
            "precision": 0.0,
            "recall": 0.0,
            "f1-score": 0.0,
            "support": 48.0
        },
        "car": {
            "precision": 0.0,
            "recall": 0.0,
            "f1-score": 0.0,
            "support": 55.0
        },
        "bird": {
            "precision": 0.0,
            "recall": 0.0,
            "f1-score": 0.0,
            "support": 51.0
        },
        "cat": {
            "precision": 0.10344827586206896,
            "recall": 0.9807692307692307,
            "f1-score": 0.18715596330275228,
            "support": 52.0
        },
        "deer": {
            "precision": 0.2857142857142857,
            "recall": 0.05263157894736842,
            "f1-score": 0.08888888888888889,
            "support": 38.0
        },
        "dog": {
            "precision": 0.0,
            "recall": 0.0,
            "f1-score": 0.0,
            "support": 48.0
        },
        "frog": {
            "precision": 0.0,
            "recall": 0.0,
            "f1-score": 0.0,
            "support": 54.0
        },
        "horse": {
            "precision": 0.0,
            "recall": 0.0,
            "f1-score": 0.0,
            "support": 55.0
        },
        "ship": {
            "precision": 0.0,
            "recall": 0.0,
            "f1-score": 0.0,
            "support": 43.0
        },
        "truck": {
            "precision": 0.0,
            "recall": 0.0,
            "f1-score": 0.0,
            "support": 56.0
        },
        "accuracy": 0.106,
        "macro avg": {
            "precision": 0.038916256157635463,
            "recall": 0.10334008097165992,
            "f1-score": 0.027604485219164115,
            "support": 500.0
        },
        "weighted avg": {
            "precision": 0.032472906403940884,
            "recall": 0.106,
            "f1-score": 0.026219775739041794,
            "support": 500.0
        }
    }
}
