{
    "epoch": 1,
    "train_loss": 6.6366201639175415,
    "train_accuracy": 11.0,
    "val_loss": 6.6366201639175415,
    "val_accuracy": 11.0,
    "val_confusion_matrix": [
        [
            1,
            24,
            0,
            3,
            7,
            0,
            0,
            0,
            0,
            0
        ],
        [
            0,
            28,
            0,
            10,
            1,
            0,
            0,
            0,
            0,
            0
        ],
        [
            3,
            26,
            0,
            6,
            15,
            0,
            0,
            0,
            0,
            0
        ],
        [
            0,
            33,
            0,
            8,
            11,
            0,
            0,
            0,
            0,
            0
        ],
        [
            0,
            33,
            0,
            4,
            18,
            0,
            0,
            0,
            0,
            0
        ],
        [
            1,
            49,
            0,
            5,
            4,
            0,
            0,
            0,
            0,
            0
        ],
        [
            0,
            27,
            0,
            4,
            13,
            0,
            0,
            0,
            0,
            0
        ],
        [
            2,
            42,
            0,
            4,
            10,
            0,
            0,
            0,
            0,
            0
        ],
        [
            2,
            40,
            0,
            11,
            1,
            0,
            0,
            0,
            0,
            0
        ],
        [
            4,
            32,
            0,
            13,
            5,
            0,
            0,
            0,
            0,
            0
        ]
    ],
    "val_classification_report": {
        "plane": {
            "precision": 0.07692307692307693,
            "recall": 0.02857142857142857,
            "f1-score": 0.041666666666666664,
            "support": 35.0
        },
        "car": {
            "precision": 0.08383233532934131,
            "recall": 0.717948717948718,
            "f1-score": 0.15013404825737264,
            "support": 39.0
        },
        "bird": {
            "precision": 0.0,
            "recall": 0.0,
            "f1-score": 0.0,
            "support": 50.0
        },
        "cat": {
            "precision": 0.11764705882352941,
            "recall": 0.15384615384615385,
            "f1-score": 0.13333333333333333,
            "support": 52.0
        },
        "deer": {
            "precision": 0.21176470588235294,
            "recall": 0.32727272727272727,
            "f1-score": 0.2571428571428571,
            "support": 55.0
        },
        "dog": {
            "precision": 0.0,
            "recall": 0.0,
            "f1-score": 0.0,
            "support": 59.0
        },
        "frog": {
            "precision": 0.0,
            "recall": 0.0,
            "f1-score": 0.0,
            "support": 44.0
        },
        "horse": {
            "precision": 0.0,
            "recall": 0.0,
            "f1-score": 0.0,
            "support": 58.0
        },
        "ship": {
            "precision": 0.0,
            "recall": 0.0,
            "f1-score": 0.0,
            "support": 54.0
        },
        "truck": {
            "precision": 0.0,
            "recall": 0.0,
            "f1-score": 0.0,
            "support": 54.0
        },
        "accuracy": 0.11,
        "macro avg": {
            "precision": 0.04901671769583006,
            "recall": 0.12276390276390277,
            "f1-score": 0.05822769054002297,
            "support": 500.0
        },
        "weighted avg": {
            "precision": 0.04745294930500989,
            "recall": 0.11,
            "f1-score": 0.05677950338312269,
            "support": 500.0
        }
    }
}
{
    "epoch": 2,
    "train_loss": 29.126956462860107,
    "train_accuracy": 9.6,
    "val_loss": 29.126956462860107,
    "val_accuracy": 9.6,
    "val_confusion_matrix": [
        [
            34,
            0,
            0,
            0,
            0,
            0,
            1,
            0,
            0,
            0
        ],
        [
            35,
            0,
            0,
            0,
            0,
            0,
            4,
            0,
            0,
            0
        ],
        [
            36,
            0,
            0,
            0,
            0,
            0,
            14,
            0,
            0,
            0
        ],
        [
            39,
            0,
            0,
            0,
            0,
            0,
            13,
            0,
            0,
            0
        ],
        [
            32,
            0,
            0,
            0,
            0,
            0,
            23,
            0,
            0,
            0
        ],
        [
            42,
            0,
            0,
            0,
            0,
            0,
            17,
            0,
            0,
            0
        ],
        [
            30,
            0,
            0,
            0,
            0,
            0,
            14,
            0,
            0,
            0
        ],
        [
            47,
            0,
            0,
            0,
            0,
            0,
            11,
            0,
            0,
            0
        ],
        [
            48,
            1,
            0,
            0,
            0,
            0,
            5,
            0,
            0,
            0
        ],
        [
            47,
            0,
            0,
            0,
            0,
            0,
            7,
            0,
            0,
            0
        ]
    ],
    "val_classification_report": {
        "plane": {
            "precision": 0.08717948717948718,
            "recall": 0.9714285714285714,
            "f1-score": 0.16,
            "support": 35.0
        },
        "car": {
            "precision": 0.0,
            "recall": 0.0,
            "f1-score": 0.0,
            "support": 39.0
        },
        "bird": {
            "precision": 0.0,
            "recall": 0.0,
            "f1-score": 0.0,
            "support": 50.0
        },
        "cat": {
            "precision": 0.0,
            "recall": 0.0,
            "f1-score": 0.0,
            "support": 52.0
        },
        "deer": {
            "precision": 0.0,
            "recall": 0.0,
            "f1-score": 0.0,
            "support": 55.0
        },
        "dog": {
            "precision": 0.0,
            "recall": 0.0,
            "f1-score": 0.0,
            "support": 59.0
        },
        "frog": {
            "precision": 0.12844036697247707,
            "recall": 0.3181818181818182,
            "f1-score": 0.18300653594771243,
            "support": 44.0
        },
        "horse": {
            "precision": 0.0,
            "recall": 0.0,
            "f1-score": 0.0,
            "support": 58.0
        },
        "ship": {
            "precision": 0.0,
            "recall": 0.0,
            "f1-score": 0.0,
            "support": 54.0
        },
        "truck": {
            "precision": 0.0,
            "recall": 0.0,
            "f1-score": 0.0,
            "support": 54.0
        },
        "accuracy": 0.096,
        "macro avg": {
            "precision": 0.021561985415196425,
            "recall": 0.12896103896103897,
            "f1-score": 0.03430065359477125,
            "support": 500.0
        },
        "weighted avg": {
            "precision": 0.017405316396142085,
            "recall": 0.096,
            "f1-score": 0.027304575163398695,
            "support": 500.0
        }
    }
}
