{
    "epoch": 1,
    "train_loss": 16.846728324890137,
    "train_accuracy": 15.4,
    "val_loss": 16.846728324890137,
    "val_accuracy": 15.4,
    "val_confusion_matrix": [
        [
            4,
            0,
            0,
            0,
            0,
            25,
            0,
            0,
            0,
            7
        ],
        [
            1,
            0,
            0,
            0,
            0,
            43,
            0,
            0,
            0,
            18
        ],
        [
            3,
            0,
            0,
            0,
            0,
            41,
            0,
            0,
            0,
            13
        ],
        [
            0,
            0,
            0,
            0,
            0,
            35,
            0,
            0,
            0,
            8
        ],
        [
            3,
            0,
            0,
            0,
            0,
            49,
            0,
            0,
            0,
            4
        ],
        [
            0,
            0,
            0,
            0,
            0,
            53,
            0,
            0,
            0,
            6
        ],
        [
            0,
            0,
            0,
            0,
            0,
            28,
            0,
            0,
            0,
            10
        ],
        [
            1,
            0,
            0,
            0,
            0,
            38,
            0,
            0,
            0,
            9
        ],
        [
            1,
            0,
            0,
            0,
            0,
            26,
            0,
            0,
            0,
            13
        ],
        [
            1,
            0,
            0,
            0,
            0,
            40,
            0,
            0,
            0,
            20
        ]
    ],
    "val_classification_report": {
        "plane": {
            "precision": 0.2857142857142857,
            "recall": 0.1111111111111111,
            "f1-score": 0.16,
            "support": 36.0
        },
        "car": {
            "precision": 0.0,
            "recall": 0.0,
            "f1-score": 0.0,
            "support": 62.0
        },
        "bird": {
            "precision": 0.0,
            "recall": 0.0,
            "f1-score": 0.0,
            "support": 57.0
        },
        "cat": {
            "precision": 0.0,
            "recall": 0.0,
            "f1-score": 0.0,
            "support": 43.0
        },
        "deer": {
            "precision": 0.0,
            "recall": 0.0,
            "f1-score": 0.0,
            "support": 56.0
        },
        "dog": {
            "precision": 0.1402116402116402,
            "recall": 0.8983050847457628,
            "f1-score": 0.2425629290617849,
            "support": 59.0
        },
        "frog": {
            "precision": 0.0,
            "recall": 0.0,
            "f1-score": 0.0,
            "support": 38.0
        },
        "horse": {
            "precision": 0.0,
            "recall": 0.0,
            "f1-score": 0.0,
            "support": 48.0
        },
        "ship": {
            "precision": 0.0,
            "recall": 0.0,
            "f1-score": 0.0,
            "support": 40.0
        },
        "truck": {
            "precision": 0.18518518518518517,
            "recall": 0.32786885245901637,
            "f1-score": 0.23668639053254437,
            "support": 61.0
        },
        "accuracy": 0.154,
        "macro avg": {
            "precision": 0.061111111111111116,
            "recall": 0.13372850483158902,
            "f1-score": 0.06392493195943293,
            "support": 500.0
        },
        "weighted avg": {
            "precision": 0.05970899470899471,
            "recall": 0.154,
            "f1-score": 0.06901816527426102,
            "support": 500.0
        }
    }
}
{
    "epoch": 2,
    "train_loss": 38.92928218841553,
    "train_accuracy": 13.4,
    "val_loss": 38.92928218841553,
    "val_accuracy": 13.4,
    "val_confusion_matrix": [
        [
            0,
            1,
            0,
            1,
            0,
            0,
            0,
            34,
            0,
            0
        ],
        [
            0,
            1,
            0,
            2,
            0,
            0,
            0,
            47,
            0,
            12
        ],
        [
            0,
            2,
            0,
            6,
            0,
            0,
            0,
            43,
            0,
            6
        ],
        [
            0,
            0,
            0,
            6,
            0,
            0,
            0,
            34,
            0,
            3
        ],
        [
            0,
            0,
            0,
            9,
            0,
            0,
            0,
            46,
            0,
            1
        ],
        [
            0,
            0,
            0,
            5,
            0,
            0,
            0,
            49,
            0,
            5
        ],
        [
            0,
            0,
            0,
            14,
            0,
            0,
            0,
            24,
            0,
            0
        ],
        [
            0,
            0,
            0,
            3,
            0,
            0,
            0,
            45,
            0,
            0
        ],
        [
            0,
            0,
            0,
            1,
            0,
            0,
            0,
            31,
            0,
            8
        ],
        [
            0,
            1,
            0,
            1,
            0,
            0,
            0,
            44,
            0,
            15
        ]
    ],
    "val_classification_report": {
        "plane": {
            "precision": 0.0,
            "recall": 0.0,
            "f1-score": 0.0,
            "support": 36.0
        },
        "car": {
            "precision": 0.2,
            "recall": 0.016129032258064516,
            "f1-score": 0.029850746268656716,
            "support": 62.0
        },
        "bird": {
            "precision": 0.0,
            "recall": 0.0,
            "f1-score": 0.0,
            "support": 57.0
        },
        "cat": {
            "precision": 0.125,
            "recall": 0.13953488372093023,
            "f1-score": 0.13186813186813184,
            "support": 43.0
        },
        "deer": {
            "precision": 0.0,
            "recall": 0.0,
            "f1-score": 0.0,
            "support": 56.0
        },
        "dog": {
            "precision": 0.0,
            "recall": 0.0,
            "f1-score": 0.0,
            "support": 59.0
        },
        "frog": {
            "precision": 0.0,
            "recall": 0.0,
            "f1-score": 0.0,
            "support": 38.0
        },
        "horse": {
            "precision": 0.11335012594458438,
            "recall": 0.9375,
            "f1-score": 0.20224719101123595,
            "support": 48.0
        },
        "ship": {
            "precision": 0.0,
            "recall": 0.0,
            "f1-score": 0.0,
            "support": 40.0
        },
        "truck": {
            "precision": 0.3,
            "recall": 0.2459016393442623,
            "f1-score": 0.2702702702702703,
            "support": 61.0
        },
        "accuracy": 0.134,
        "macro avg": {
            "precision": 0.07383501259445843,
            "recall": 0.13390655553232572,
            "f1-score": 0.06342363394182948,
            "support": 500.0
        },
        "weighted avg": {
            "precision": 0.0830316120906801,
            "recall": 0.134,
            "f1-score": 0.0674308551880244,
            "support": 500.0
        }
    }
}
