{
    "epoch": 1,
    "train_loss": 16.509944915771484,
    "train_accuracy": 9.8,
    "val_loss": 16.509944915771484,
    "val_accuracy": 9.8,
    "val_confusion_matrix": [
        [
            1,
            0,
            0,
            51,
            0,
            0,
            0,
            0,
            0,
            0
        ],
        [
            1,
            0,
            0,
            58,
            0,
            0,
            0,
            0,
            0,
            0
        ],
        [
            2,
            0,
            0,
            61,
            0,
            0,
            0,
            0,
            0,
            0
        ],
        [
            0,
            1,
            0,
            48,
            0,
            0,
            0,
            0,
            0,
            0
        ],
        [
            1,
            0,
            0,
            37,
            0,
            0,
            0,
            0,
            0,
            0
        ],
        [
            2,
            0,
            0,
            48,
            0,
            0,
            0,
            0,
            0,
            0
        ],
        [
            1,
            0,
            0,
            44,
            0,
            0,
            0,
            0,
            0,
            0
        ],
        [
            1,
            0,
            0,
            56,
            0,
            0,
            0,
            0,
            0,
            0
        ],
        [
            3,
            0,
            0,
            40,
            0,
            0,
            0,
            0,
            0,
            0
        ],
        [
            0,
            0,
            0,
            44,
            0,
            0,
            0,
            0,
            0,
            0
        ]
    ],
    "val_classification_report": {
        "plane": {
            "precision": 0.08333333333333333,
            "recall": 0.019230769230769232,
            "f1-score": 0.03125,
            "support": 52.0
        },
        "car": {
            "precision": 0.0,
            "recall": 0.0,
            "f1-score": 0.0,
            "support": 59.0
        },
        "bird": {
            "precision": 0.0,
            "recall": 0.0,
            "f1-score": 0.0,
            "support": 63.0
        },
        "cat": {
            "precision": 0.09856262833675565,
            "recall": 0.9795918367346939,
            "f1-score": 0.17910447761194034,
            "support": 49.0
        },
        "deer": {
            "precision": 0.0,
            "recall": 0.0,
            "f1-score": 0.0,
            "support": 38.0
        },
        "dog": {
            "precision": 0.0,
            "recall": 0.0,
            "f1-score": 0.0,
            "support": 50.0
        },
        "frog": {
            "precision": 0.0,
            "recall": 0.0,
            "f1-score": 0.0,
            "support": 45.0
        },
        "horse": {
            "precision": 0.0,
            "recall": 0.0,
            "f1-score": 0.0,
            "support": 57.0
        },
        "ship": {
            "precision": 0.0,
            "recall": 0.0,
            "f1-score": 0.0,
            "support": 43.0
        },
        "truck": {
            "precision": 0.0,
            "recall": 0.0,
            "f1-score": 0.0,
            "support": 44.0
        },
        "accuracy": 0.098,
        "macro avg": {
            "precision": 0.0181895961670089,
            "recall": 0.09988226059654631,
            "f1-score": 0.021035447761194034,
            "support": 500.0
        },
        "weighted avg": {
            "precision": 0.01832580424366872,
            "recall": 0.098,
            "f1-score": 0.020802238805970152,
            "support": 500.0
        }
    }
}
{
    "epoch": 2,
    "train_loss": 35.51063632965088,
    "train_accuracy": 14.8,
    "val_loss": 35.51063632965088,
    "val_accuracy": 14.8,
    "val_confusion_matrix": [
        [
            41,
            11,
            0,
            0,
            0,
            0,
            0,
            0,
            0,
            0
        ],
        [
            26,
            33,
            0,
            0,
            0,
            0,
            0,
            0,
            0,
            0
        ],
        [
            32,
            27,
            0,
            0,
            0,
            0,
            0,
            0,
            0,
            4
        ],
        [
            23,
            25,
            0,
            0,
            0,
            0,
            0,
            0,
            0,
            1
        ],
        [
            10,
            26,
            0,
            0,
            0,
            0,
            0,
            0,
            0,
            2
        ],
        [
            26,
            23,
            0,
            0,
            0,
            0,
            0,
            0,
            0,
            1
        ],
        [
            15,
            29,
            0,
            0,
            0,
            0,
            0,
            0,
            0,
            1
        ],
        [
            33,
            23,
            0,
            0,
            0,
            0,
            0,
            0,
            0,
            1
        ],
        [
            32,
            11,
            0,
            0,
            0,
            0,
            0,
            0,
            0,
            0
        ],
        [
            27,
            17,
            0,
            0,
            0,
            0,
            0,
            0,
            0,
            0
        ]
    ],
    "val_classification_report": {
        "plane": {
            "precision": 0.15471698113207547,
            "recall": 0.7884615384615384,
            "f1-score": 0.2586750788643533,
            "support": 52.0
        },
        "car": {
            "precision": 0.14666666666666667,
            "recall": 0.559322033898305,
            "f1-score": 0.23239436619718312,
            "support": 59.0
        },
        "bird": {
            "precision": 0.0,
            "recall": 0.0,
            "f1-score": 0.0,
            "support": 63.0
        },
        "cat": {
            "precision": 0.0,
            "recall": 0.0,
            "f1-score": 0.0,
            "support": 49.0
        },
        "deer": {
            "precision": 0.0,
            "recall": 0.0,
            "f1-score": 0.0,
            "support": 38.0
        },
        "dog": {
            "precision": 0.0,
            "recall": 0.0,
            "f1-score": 0.0,
            "support": 50.0
        },
        "frog": {
            "precision": 0.0,
            "recall": 0.0,
            "f1-score": 0.0,
            "support": 45.0
        },
        "horse": {
            "precision": 0.0,
            "recall": 0.0,
            "f1-score": 0.0,
            "support": 57.0
        },
        "ship": {
            "precision": 0.0,
            "recall": 0.0,
            "f1-score": 0.0,
            "support": 43.0
        },
        "truck": {
            "precision": 0.0,
            "recall": 0.0,
            "f1-score": 0.0,
            "support": 44.0
        },
        "accuracy": 0.148,
        "macro avg": {
            "precision": 0.030138364779874215,
            "recall": 0.13477835723598436,
            "f1-score": 0.049106944506153646,
            "support": 500.0
        },
        "weighted avg": {
            "precision": 0.033397232704402514,
            "recall": 0.148,
            "f1-score": 0.05432474341316035,
            "support": 500.0
        }
    }
}
