{
    "epoch": 1,
    "train_loss": 28.934854984283447,
    "train_accuracy": 12.2,
    "val_loss": 28.934854984283447,
    "val_accuracy": 12.2,
    "val_confusion_matrix": [
        [
            0,
            0,
            31,
            0,
            0,
            0,
            21,
            0,
            0,
            0
        ],
        [
            0,
            0,
            31,
            0,
            0,
            0,
            28,
            0,
            0,
            0
        ],
        [
            0,
            0,
            34,
            0,
            0,
            0,
            29,
            0,
            0,
            0
        ],
        [
            0,
            0,
            29,
            0,
            0,
            0,
            20,
            0,
            0,
            0
        ],
        [
            0,
            0,
            19,
            0,
            0,
            0,
            19,
            0,
            0,
            0
        ],
        [
            0,
            0,
            36,
            0,
            0,
            0,
            14,
            0,
            0,
            0
        ],
        [
            0,
            0,
            18,
            0,
            0,
            0,
            27,
            0,
            0,
            0
        ],
        [
            0,
            0,
            32,
            0,
            0,
            0,
            25,
            0,
            0,
            0
        ],
        [
            0,
            0,
            28,
            0,
            0,
            0,
            15,
            0,
            0,
            0
        ],
        [
            0,
            0,
            21,
            0,
            0,
            0,
            23,
            0,
            0,
            0
        ]
    ],
    "val_classification_report": {
        "plane": {
            "precision": 0.0,
            "recall": 0.0,
            "f1-score": 0.0,
            "support": 52.0
        },
        "car": {
            "precision": 0.0,
            "recall": 0.0,
            "f1-score": 0.0,
            "support": 59.0
        },
        "bird": {
            "precision": 0.12186379928315412,
            "recall": 0.5396825396825397,
            "f1-score": 0.19883040935672514,
            "support": 63.0
        },
        "cat": {
            "precision": 0.0,
            "recall": 0.0,
            "f1-score": 0.0,
            "support": 49.0
        },
        "deer": {
            "precision": 0.0,
            "recall": 0.0,
            "f1-score": 0.0,
            "support": 38.0
        },
        "dog": {
            "precision": 0.0,
            "recall": 0.0,
            "f1-score": 0.0,
            "support": 50.0
        },
        "frog": {
            "precision": 0.12217194570135746,
            "recall": 0.6,
            "f1-score": 0.20300751879699244,
            "support": 45.0
        },
        "horse": {
            "precision": 0.0,
            "recall": 0.0,
            "f1-score": 0.0,
            "support": 57.0
        },
        "ship": {
            "precision": 0.0,
            "recall": 0.0,
            "f1-score": 0.0,
            "support": 43.0
        },
        "truck": {
            "precision": 0.0,
            "recall": 0.0,
            "f1-score": 0.0,
            "support": 44.0
        },
        "accuracy": 0.122,
        "macro avg": {
            "precision": 0.02440357449845116,
            "recall": 0.11396825396825397,
            "f1-score": 0.04018379281537175,
            "support": 500.0
        },
        "weighted avg": {
            "precision": 0.026350313822799593,
            "recall": 0.122,
            "f1-score": 0.043323308270676694,
            "support": 500.0
        }
    }
}
{
    "epoch": 2,
    "train_loss": 31.535133838653564,
    "train_accuracy": 10.6,
    "val_loss": 31.535133838653564,
    "val_accuracy": 10.6,
    "val_confusion_matrix": [
        [
            52,
            0,
            0,
            0,
            0,
            0,
            0,
            0,
            0,
            0
        ],
        [
            59,
            0,
            0,
            0,
            0,
            0,
            0,
            0,
            0,
            0
        ],
        [
            62,
            1,
            0,
            0,
            0,
            0,
            0,
            0,
            0,
            0
        ],
        [
            49,
            0,
            0,
            0,
            0,
            0,
            0,
            0,
            0,
            0
        ],
        [
            37,
            0,
            0,
            0,
            0,
            0,
            0,
            0,
            1,
            0
        ],
        [
            49,
            1,
            0,
            0,
            0,
            0,
            0,
            0,
            0,
            0
        ],
        [
            45,
            0,
            0,
            0,
            0,
            0,
            0,
            0,
            0,
            0
        ],
        [
            57,
            0,
            0,
            0,
            0,
            0,
            0,
            0,
            0,
            0
        ],
        [
            42,
            0,
            0,
            0,
            0,
            0,
            0,
            0,
            1,
            0
        ],
        [
            44,
            0,
            0,
            0,
            0,
            0,
            0,
            0,
            0,
            0
        ]
    ],
    "val_classification_report": {
        "plane": {
            "precision": 0.10483870967741936,
            "recall": 1.0,
            "f1-score": 0.18978102189781024,
            "support": 52.0
        },
        "car": {
            "precision": 0.0,
            "recall": 0.0,
            "f1-score": 0.0,
            "support": 59.0
        },
        "bird": {
            "precision": 0.0,
            "recall": 0.0,
            "f1-score": 0.0,
            "support": 63.0
        },
        "cat": {
            "precision": 0.0,
            "recall": 0.0,
            "f1-score": 0.0,
            "support": 49.0
        },
        "deer": {
            "precision": 0.0,
            "recall": 0.0,
            "f1-score": 0.0,
            "support": 38.0
        },
        "dog": {
            "precision": 0.0,
            "recall": 0.0,
            "f1-score": 0.0,
            "support": 50.0
        },
        "frog": {
            "precision": 0.0,
            "recall": 0.0,
            "f1-score": 0.0,
            "support": 45.0
        },
        "horse": {
            "precision": 0.0,
            "recall": 0.0,
            "f1-score": 0.0,
            "support": 57.0
        },
        "ship": {
            "precision": 0.5,
            "recall": 0.023255813953488372,
            "f1-score": 0.04444444444444444,
            "support": 43.0
        },
        "truck": {
            "precision": 0.0,
            "recall": 0.0,
            "f1-score": 0.0,
            "support": 44.0
        },
        "accuracy": 0.106,
        "macro avg": {
            "precision": 0.06048387096774194,
            "recall": 0.10232558139534884,
            "f1-score": 0.023422546634225466,
            "support": 500.0
        },
        "weighted avg": {
            "precision": 0.05390322580645161,
            "recall": 0.106,
            "f1-score": 0.023559448499594488,
            "support": 500.0
        }
    }
}
