{
    "epoch": 1,
    "train_loss": 10.563030242919922,
    "train_accuracy": 9.8,
    "val_loss": 10.563030242919922,
    "val_accuracy": 9.8,
    "val_confusion_matrix": [
        [
            0,
            0,
            0,
            48,
            0,
            0,
            0,
            0,
            0,
            0
        ],
        [
            0,
            0,
            0,
            46,
            0,
            0,
            0,
            0,
            0,
            0
        ],
        [
            0,
            0,
            0,
            43,
            0,
            0,
            1,
            0,
            0,
            0
        ],
        [
            0,
            0,
            0,
            48,
            0,
            0,
            2,
            0,
            0,
            0
        ],
        [
            0,
            0,
            0,
            48,
            0,
            0,
            5,
            0,
            0,
            0
        ],
        [
            0,
            0,
            0,
            55,
            0,
            0,
            0,
            0,
            0,
            0
        ],
        [
            0,
            0,
            0,
            43,
            0,
            0,
            1,
            0,
            0,
            0
        ],
        [
            0,
            0,
            0,
            52,
            0,
            0,
            1,
            0,
            0,
            0
        ],
        [
            0,
            0,
            0,
            49,
            0,
            0,
            0,
            0,
            0,
            0
        ],
        [
            0,
            0,
            0,
            58,
            0,
            0,
            0,
            0,
            0,
            0
        ]
    ],
    "val_classification_report": {
        "plane": {
            "precision": 0.0,
            "recall": 0.0,
            "f1-score": 0.0,
            "support": 48.0
        },
        "car": {
            "precision": 0.0,
            "recall": 0.0,
            "f1-score": 0.0,
            "support": 46.0
        },
        "bird": {
            "precision": 0.0,
            "recall": 0.0,
            "f1-score": 0.0,
            "support": 44.0
        },
        "cat": {
            "precision": 0.09795918367346938,
            "recall": 0.96,
            "f1-score": 0.17777777777777776,
            "support": 50.0
        },
        "deer": {
            "precision": 0.0,
            "recall": 0.0,
            "f1-score": 0.0,
            "support": 53.0
        },
        "dog": {
            "precision": 0.0,
            "recall": 0.0,
            "f1-score": 0.0,
            "support": 55.0
        },
        "frog": {
            "precision": 0.1,
            "recall": 0.022727272727272728,
            "f1-score": 0.037037037037037035,
            "support": 44.0
        },
        "horse": {
            "precision": 0.0,
            "recall": 0.0,
            "f1-score": 0.0,
            "support": 53.0
        },
        "ship": {
            "precision": 0.0,
            "recall": 0.0,
            "f1-score": 0.0,
            "support": 49.0
        },
        "truck": {
            "precision": 0.0,
            "recall": 0.0,
            "f1-score": 0.0,
            "support": 58.0
        },
        "accuracy": 0.098,
        "macro avg": {
            "precision": 0.019795918367346937,
            "recall": 0.09827272727272726,
            "f1-score": 0.02148148148148148,
            "support": 500.0
        },
        "weighted avg": {
            "precision": 0.01859591836734694,
            "recall": 0.098,
            "f1-score": 0.021037037037037035,
            "support": 500.0
        }
    }
}
{
    "epoch": 2,
    "train_loss": 40.32739734649658,
    "train_accuracy": 10.0,
    "val_loss": 40.32739734649658,
    "val_accuracy": 10.0,
    "val_confusion_matrix": [
        [
            0,
            0,
            24,
            0,
            0,
            0,
            0,
            24,
            0,
            0
        ],
        [
            0,
            0,
            19,
            0,
            0,
            0,
            0,
            27,
            0,
            0
        ],
        [
            0,
            0,
            11,
            0,
            0,
            0,
            0,
            33,
            0,
            0
        ],
        [
            0,
            0,
            16,
            0,
            0,
            0,
            0,
            34,
            0,
            0
        ],
        [
            0,
            0,
            13,
            0,
            0,
            0,
            0,
            40,
            0,
            0
        ],
        [
            0,
            0,
            14,
            0,
            0,
            0,
            0,
            41,
            0,
            0
        ],
        [
            0,
            0,
            5,
            0,
            0,
            0,
            0,
            39,
            0,
            0
        ],
        [
            0,
            0,
            14,
            0,
            0,
            0,
            0,
            39,
            0,
            0
        ],
        [
            0,
            0,
            27,
            0,
            0,
            0,
            0,
            22,
            0,
            0
        ],
        [
            0,
            0,
            31,
            0,
            0,
            0,
            0,
            27,
            0,
            0
        ]
    ],
    "val_classification_report": {
        "plane": {
            "precision": 0.0,
            "recall": 0.0,
            "f1-score": 0.0,
            "support": 48.0
        },
        "car": {
            "precision": 0.0,
            "recall": 0.0,
            "f1-score": 0.0,
            "support": 46.0
        },
        "bird": {
            "precision": 0.06321839080459771,
            "recall": 0.25,
            "f1-score": 0.10091743119266057,
            "support": 44.0
        },
        "cat": {
            "precision": 0.0,
            "recall": 0.0,
            "f1-score": 0.0,
            "support": 50.0
        },
        "deer": {
            "precision": 0.0,
            "recall": 0.0,
            "f1-score": 0.0,
            "support": 53.0
        },
        "dog": {
            "precision": 0.0,
            "recall": 0.0,
            "f1-score": 0.0,
            "support": 55.0
        },
        "frog": {
            "precision": 0.0,
            "recall": 0.0,
            "f1-score": 0.0,
            "support": 44.0
        },
        "horse": {
            "precision": 0.1196319018404908,
            "recall": 0.7358490566037735,
            "f1-score": 0.20580474934036938,
            "support": 53.0
        },
        "ship": {
            "precision": 0.0,
            "recall": 0.0,
            "f1-score": 0.0,
            "support": 49.0
        },
        "truck": {
            "precision": 0.0,
            "recall": 0.0,
            "f1-score": 0.0,
            "support": 58.0
        },
        "accuracy": 0.1,
        "macro avg": {
            "precision": 0.01828502926450885,
            "recall": 0.09858490566037735,
            "f1-score": 0.030672218053302995,
            "support": 500.0
        },
        "weighted avg": {
            "precision": 0.01824419998589662,
            "recall": 0.1,
            "f1-score": 0.030696037375033285,
            "support": 500.0
        }
    }
}
