{
    "epoch": 1,
    "train_loss": 37.27748489379883,
    "train_accuracy": 12.2,
    "val_loss": 37.27748489379883,
    "val_accuracy": 12.2,
    "val_confusion_matrix": [
        [
            23,
            0,
            0,
            0,
            0,
            0,
            0,
            25,
            0,
            0
        ],
        [
            22,
            0,
            0,
            0,
            0,
            0,
            0,
            33,
            0,
            0
        ],
        [
            17,
            0,
            0,
            0,
            0,
            0,
            0,
            34,
            0,
            0
        ],
        [
            13,
            0,
            0,
            0,
            0,
            0,
            0,
            39,
            0,
            0
        ],
        [
            10,
            0,
            0,
            0,
            0,
            0,
            0,
            28,
            0,
            0
        ],
        [
            13,
            0,
            0,
            0,
            0,
            0,
            0,
            35,
            0,
            0
        ],
        [
            12,
            0,
            0,
            0,
            0,
            0,
            0,
            42,
            0,
            0
        ],
        [
            17,
            0,
            0,
            0,
            0,
            0,
            0,
            38,
            0,
            0
        ],
        [
            29,
            0,
            0,
            0,
            0,
            0,
            0,
            14,
            0,
            0
        ],
        [
            30,
            0,
            0,
            0,
            0,
            0,
            0,
            26,
            0,
            0
        ]
    ],
    "val_classification_report": {
        "plane": {
            "precision": 0.12365591397849462,
            "recall": 0.4791666666666667,
            "f1-score": 0.1965811965811966,
            "support": 48.0
        },
        "car": {
            "precision": 0.0,
            "recall": 0.0,
            "f1-score": 0.0,
            "support": 55.0
        },
        "bird": {
            "precision": 0.0,
            "recall": 0.0,
            "f1-score": 0.0,
            "support": 51.0
        },
        "cat": {
            "precision": 0.0,
            "recall": 0.0,
            "f1-score": 0.0,
            "support": 52.0
        },
        "deer": {
            "precision": 0.0,
            "recall": 0.0,
            "f1-score": 0.0,
            "support": 38.0
        },
        "dog": {
            "precision": 0.0,
            "recall": 0.0,
            "f1-score": 0.0,
            "support": 48.0
        },
        "frog": {
            "precision": 0.0,
            "recall": 0.0,
            "f1-score": 0.0,
            "support": 54.0
        },
        "horse": {
            "precision": 0.12101910828025478,
            "recall": 0.6909090909090909,
            "f1-score": 0.20596205962059622,
            "support": 55.0
        },
        "ship": {
            "precision": 0.0,
            "recall": 0.0,
            "f1-score": 0.0,
            "support": 43.0
        },
        "truck": {
            "precision": 0.0,
            "recall": 0.0,
            "f1-score": 0.0,
            "support": 56.0
        },
        "accuracy": 0.122,
        "macro avg": {
            "precision": 0.02446750222587494,
            "recall": 0.11700757575757577,
            "f1-score": 0.04025432562017928,
            "support": 500.0
        },
        "weighted avg": {
            "precision": 0.025183069652763505,
            "recall": 0.122,
            "f1-score": 0.04152762143006046,
            "support": 500.0
        }
    }
}
{
    "epoch": 2,
    "train_loss": 80.0771541595459,
    "train_accuracy": 11.2,
    "val_loss": 80.0771541595459,
    "val_accuracy": 11.2,
    "val_confusion_matrix": [
        [
            0,
            2,
            0,
            0,
            0,
            0,
            0,
            0,
            0,
            46
        ],
        [
            0,
            0,
            0,
            0,
            0,
            0,
            0,
            0,
            0,
            55
        ],
        [
            0,
            2,
            0,
            0,
            0,
            0,
            0,
            0,
            0,
            49
        ],
        [
            0,
            0,
            0,
            0,
            0,
            0,
            0,
            0,
            0,
            52
        ],
        [
            0,
            0,
            0,
            0,
            0,
            0,
            0,
            0,
            0,
            38
        ],
        [
            0,
            0,
            0,
            0,
            0,
            0,
            0,
            0,
            0,
            48
        ],
        [
            0,
            0,
            0,
            0,
            0,
            0,
            0,
            0,
            0,
            54
        ],
        [
            0,
            0,
            0,
            0,
            0,
            0,
            0,
            0,
            0,
            55
        ],
        [
            0,
            1,
            0,
            0,
            0,
            0,
            0,
            0,
            0,
            42
        ],
        [
            0,
            0,
            0,
            0,
            0,
            0,
            0,
            0,
            0,
            56
        ]
    ],
    "val_classification_report": {
        "plane": {
            "precision": 0.0,
            "recall": 0.0,
            "f1-score": 0.0,
            "support": 48.0
        },
        "car": {
            "precision": 0.0,
            "recall": 0.0,
            "f1-score": 0.0,
            "support": 55.0
        },
        "bird": {
            "precision": 0.0,
            "recall": 0.0,
            "f1-score": 0.0,
            "support": 51.0
        },
        "cat": {
            "precision": 0.0,
            "recall": 0.0,
            "f1-score": 0.0,
            "support": 52.0
        },
        "deer": {
            "precision": 0.0,
            "recall": 0.0,
            "f1-score": 0.0,
            "support": 38.0
        },
        "dog": {
            "precision": 0.0,
            "recall": 0.0,
            "f1-score": 0.0,
            "support": 48.0
        },
        "frog": {
            "precision": 0.0,
            "recall": 0.0,
            "f1-score": 0.0,
            "support": 54.0
        },
        "horse": {
            "precision": 0.0,
            "recall": 0.0,
            "f1-score": 0.0,
            "support": 55.0
        },
        "ship": {
            "precision": 0.0,
            "recall": 0.0,
            "f1-score": 0.0,
            "support": 43.0
        },
        "truck": {
            "precision": 0.11313131313131314,
            "recall": 1.0,
            "f1-score": 0.20326678765880218,
            "support": 56.0
        },
        "accuracy": 0.112,
        "macro avg": {
            "precision": 0.011313131313131313,
            "recall": 0.1,
            "f1-score": 0.020326678765880218,
            "support": 500.0
        },
        "weighted avg": {
            "precision": 0.01267070707070707,
            "recall": 0.112,
            "f1-score": 0.022765880217785847,
            "support": 500.0
        }
    }
}
