{
    "epoch": 1,
    "train_loss": 2.3794211745262146,
    "train_accuracy": 8.8,
    "val_loss": 2.3794211745262146,
    "val_accuracy": 8.8,
    "val_confusion_matrix": [
        [
            27,
            0,
            0,
            0,
            0,
            8,
            0,
            0,
            0,
            0
        ],
        [
            29,
            0,
            0,
            0,
            0,
            10,
            0,
            0,
            0,
            0
        ],
        [
            26,
            0,
            0,
            0,
            0,
            24,
            0,
            0,
            0,
            0
        ],
        [
            24,
            0,
            0,
            0,
            0,
            27,
            1,
            0,
            0,
            0
        ],
        [
            25,
            0,
            0,
            0,
            0,
            30,
            0,
            0,
            0,
            0
        ],
        [
            42,
            0,
            0,
            0,
            0,
            17,
            0,
            0,
            0,
            0
        ],
        [
            25,
            0,
            0,
            0,
            0,
            19,
            0,
            0,
            0,
            0
        ],
        [
            31,
            0,
            0,
            0,
            0,
            26,
            1,
            0,
            0,
            0
        ],
        [
            50,
            0,
            0,
            0,
            0,
            4,
            0,
            0,
            0,
            0
        ],
        [
            43,
            0,
            0,
            0,
            0,
            11,
            0,
            0,
            0,
            0
        ]
    ],
    "val_classification_report": {
        "plane": {
            "precision": 0.08385093167701864,
            "recall": 0.7714285714285715,
            "f1-score": 0.1512605042016807,
            "support": 35.0
        },
        "car": {
            "precision": 0.0,
            "recall": 0.0,
            "f1-score": 0.0,
            "support": 39.0
        },
        "bird": {
            "precision": 0.0,
            "recall": 0.0,
            "f1-score": 0.0,
            "support": 50.0
        },
        "cat": {
            "precision": 0.0,
            "recall": 0.0,
            "f1-score": 0.0,
            "support": 52.0
        },
        "deer": {
            "precision": 0.0,
            "recall": 0.0,
            "f1-score": 0.0,
            "support": 55.0
        },
        "dog": {
            "precision": 0.09659090909090909,
            "recall": 0.288135593220339,
            "f1-score": 0.1446808510638298,
            "support": 59.0
        },
        "frog": {
            "precision": 0.0,
            "recall": 0.0,
            "f1-score": 0.0,
            "support": 44.0
        },
        "horse": {
            "precision": 0.0,
            "recall": 0.0,
            "f1-score": 0.0,
            "support": 58.0
        },
        "ship": {
            "precision": 0.0,
            "recall": 0.0,
            "f1-score": 0.0,
            "support": 54.0
        },
        "truck": {
            "precision": 0.0,
            "recall": 0.0,
            "f1-score": 0.0,
            "support": 54.0
        },
        "accuracy": 0.088,
        "macro avg": {
            "precision": 0.018044184076792775,
            "recall": 0.10595641646489104,
            "f1-score": 0.029594135526551046,
            "support": 500.0
        },
        "weighted avg": {
            "precision": 0.017267292490118578,
            "recall": 0.088,
            "f1-score": 0.027660575719649565,
            "support": 500.0
        }
    }
}
{
    "epoch": 2,
    "train_loss": 3.2093862891197205,
    "train_accuracy": 12.2,
    "val_loss": 3.2093862891197205,
    "val_accuracy": 12.2,
    "val_confusion_matrix": [
        [
            0,
            0,
            0,
            28,
            0,
            0,
            3,
            0,
            0,
            4
        ],
        [
            0,
            0,
            0,
            32,
            0,
            0,
            4,
            0,
            0,
            3
        ],
        [
            0,
            0,
            0,
            35,
            0,
            0,
            11,
            0,
            0,
            4
        ],
        [
            0,
            0,
            0,
            45,
            0,
            0,
            7,
            0,
            0,
            0
        ],
        [
            0,
            0,
            0,
            39,
            0,
            0,
            14,
            0,
            1,
            1
        ],
        [
            0,
            0,
            0,
            48,
            0,
            0,
            8,
            0,
            0,
            3
        ],
        [
            0,
            0,
            0,
            30,
            0,
            0,
            12,
            0,
            0,
            2
        ],
        [
            0,
            0,
            0,
            51,
            0,
            0,
            6,
            0,
            0,
            1
        ],
        [
            0,
            0,
            0,
            45,
            0,
            0,
            4,
            0,
            0,
            5
        ],
        [
            0,
            0,
            0,
            49,
            0,
            0,
            1,
            0,
            0,
            4
        ]
    ],
    "val_classification_report": {
        "plane": {
            "precision": 0.0,
            "recall": 0.0,
            "f1-score": 0.0,
            "support": 35.0
        },
        "car": {
            "precision": 0.0,
            "recall": 0.0,
            "f1-score": 0.0,
            "support": 39.0
        },
        "bird": {
            "precision": 0.0,
            "recall": 0.0,
            "f1-score": 0.0,
            "support": 50.0
        },
        "cat": {
            "precision": 0.11194029850746269,
            "recall": 0.8653846153846154,
            "f1-score": 0.19823788546255508,
            "support": 52.0
        },
        "deer": {
            "precision": 0.0,
            "recall": 0.0,
            "f1-score": 0.0,
            "support": 55.0
        },
        "dog": {
            "precision": 0.0,
            "recall": 0.0,
            "f1-score": 0.0,
            "support": 59.0
        },
        "frog": {
            "precision": 0.17142857142857143,
            "recall": 0.2727272727272727,
            "f1-score": 0.21052631578947367,
            "support": 44.0
        },
        "horse": {
            "precision": 0.0,
            "recall": 0.0,
            "f1-score": 0.0,
            "support": 58.0
        },
        "ship": {
            "precision": 0.0,
            "recall": 0.0,
            "f1-score": 0.0,
            "support": 54.0
        },
        "truck": {
            "precision": 0.14814814814814814,
            "recall": 0.07407407407407407,
            "f1-score": 0.09876543209876543,
            "support": 54.0
        },
        "accuracy": 0.122,
        "macro avg": {
            "precision": 0.04315170180841822,
            "recall": 0.12121859621859624,
            "f1-score": 0.050752963335079414,
            "support": 500.0
        },
        "weighted avg": {
            "precision": 0.042727505330490405,
            "recall": 0.122,
            "f1-score": 0.04980972254424608,
            "support": 500.0
        }
    }
}
