{
    "epoch": 1,
    "train_loss": 8.334224581718445,
    "train_accuracy": 10.6,
    "val_loss": 8.334224581718445,
    "val_accuracy": 10.6,
    "val_confusion_matrix": [
        [
            0,
            0,
            0,
            0,
            0,
            0,
            0,
            48,
            0,
            0
        ],
        [
            0,
            0,
            0,
            0,
            0,
            0,
            0,
            46,
            0,
            0
        ],
        [
            0,
            0,
            0,
            0,
            0,
            0,
            0,
            44,
            0,
            0
        ],
        [
            0,
            0,
            0,
            0,
            0,
            0,
            0,
            50,
            0,
            0
        ],
        [
            0,
            0,
            0,
            0,
            0,
            0,
            0,
            53,
            0,
            0
        ],
        [
            0,
            0,
            0,
            0,
            0,
            0,
            0,
            55,
            0,
            0
        ],
        [
            0,
            0,
            0,
            0,
            0,
            0,
            0,
            44,
            0,
            0
        ],
        [
            0,
            0,
            0,
            0,
            0,
            0,
            0,
            53,
            0,
            0
        ],
        [
            0,
            0,
            0,
            0,
            0,
            0,
            0,
            49,
            0,
            0
        ],
        [
            0,
            0,
            0,
            0,
            0,
            0,
            0,
            58,
            0,
            0
        ]
    ],
    "val_classification_report": {
        "plane": {
            "precision": 0.0,
            "recall": 0.0,
            "f1-score": 0.0,
            "support": 48.0
        },
        "car": {
            "precision": 0.0,
            "recall": 0.0,
            "f1-score": 0.0,
            "support": 46.0
        },
        "bird": {
            "precision": 0.0,
            "recall": 0.0,
            "f1-score": 0.0,
            "support": 44.0
        },
        "cat": {
            "precision": 0.0,
            "recall": 0.0,
            "f1-score": 0.0,
            "support": 50.0
        },
        "deer": {
            "precision": 0.0,
            "recall": 0.0,
            "f1-score": 0.0,
            "support": 53.0
        },
        "dog": {
            "precision": 0.0,
            "recall": 0.0,
            "f1-score": 0.0,
            "support": 55.0
        },
        "frog": {
            "precision": 0.0,
            "recall": 0.0,
            "f1-score": 0.0,
            "support": 44.0
        },
        "horse": {
            "precision": 0.106,
            "recall": 1.0,
            "f1-score": 0.19168173598553342,
            "support": 53.0
        },
        "ship": {
            "precision": 0.0,
            "recall": 0.0,
            "f1-score": 0.0,
            "support": 49.0
        },
        "truck": {
            "precision": 0.0,
            "recall": 0.0,
            "f1-score": 0.0,
            "support": 58.0
        },
        "accuracy": 0.106,
        "macro avg": {
            "precision": 0.0106,
            "recall": 0.1,
            "f1-score": 0.019168173598553342,
            "support": 500.0
        },
        "weighted avg": {
            "precision": 0.011236,
            "recall": 0.106,
            "f1-score": 0.02031826401446654,
            "support": 500.0
        }
    }
}
{
    "epoch": 2,
    "train_loss": 33.223968505859375,
    "train_accuracy": 9.6,
    "val_loss": 33.223968505859375,
    "val_accuracy": 9.6,
    "val_confusion_matrix": [
        [
            0,
            0,
            1,
            23,
            0,
            0,
            24,
            0,
            0,
            0
        ],
        [
            0,
            0,
            1,
            18,
            0,
            0,
            27,
            0,
            0,
            0
        ],
        [
            0,
            0,
            0,
            9,
            0,
            0,
            35,
            0,
            0,
            0
        ],
        [
            0,
            0,
            1,
            11,
            0,
            0,
            38,
            0,
            0,
            0
        ],
        [
            0,
            0,
            0,
            14,
            0,
            0,
            39,
            0,
            0,
            0
        ],
        [
            0,
            0,
            2,
            11,
            0,
            0,
            42,
            0,
            0,
            0
        ],
        [
            0,
            0,
            0,
            7,
            0,
            0,
            37,
            0,
            0,
            0
        ],
        [
            0,
            0,
            1,
            12,
            0,
            0,
            40,
            0,
            0,
            0
        ],
        [
            0,
            0,
            0,
            18,
            0,
            0,
            31,
            0,
            0,
            0
        ],
        [
            0,
            0,
            1,
            24,
            0,
            0,
            33,
            0,
            0,
            0
        ]
    ],
    "val_classification_report": {
        "plane": {
            "precision": 0.0,
            "recall": 0.0,
            "f1-score": 0.0,
            "support": 48.0
        },
        "car": {
            "precision": 0.0,
            "recall": 0.0,
            "f1-score": 0.0,
            "support": 46.0
        },
        "bird": {
            "precision": 0.0,
            "recall": 0.0,
            "f1-score": 0.0,
            "support": 44.0
        },
        "cat": {
            "precision": 0.07482993197278912,
            "recall": 0.22,
            "f1-score": 0.1116751269035533,
            "support": 50.0
        },
        "deer": {
            "precision": 0.0,
            "recall": 0.0,
            "f1-score": 0.0,
            "support": 53.0
        },
        "dog": {
            "precision": 0.0,
            "recall": 0.0,
            "f1-score": 0.0,
            "support": 55.0
        },
        "frog": {
            "precision": 0.1069364161849711,
            "recall": 0.8409090909090909,
            "f1-score": 0.18974358974358976,
            "support": 44.0
        },
        "horse": {
            "precision": 0.0,
            "recall": 0.0,
            "f1-score": 0.0,
            "support": 53.0
        },
        "ship": {
            "precision": 0.0,
            "recall": 0.0,
            "f1-score": 0.0,
            "support": 49.0
        },
        "truck": {
            "precision": 0.0,
            "recall": 0.0,
            "f1-score": 0.0,
            "support": 58.0
        },
        "accuracy": 0.096,
        "macro avg": {
            "precision": 0.01817663481577602,
            "recall": 0.1060909090909091,
            "f1-score": 0.030141871664714305,
            "support": 500.0
        },
        "weighted avg": {
            "precision": 0.01689339782155637,
            "recall": 0.096,
            "f1-score": 0.02786494858779123,
            "support": 500.0
        }
    }
}
