{
    "epoch": 1,
    "train_loss": 2.389790892601013,
    "train_accuracy": 9.2,
    "val_loss": 2.389790892601013,
    "val_accuracy": 9.2,
    "val_confusion_matrix": [
        [
            0,
            48,
            0,
            0,
            0,
            0,
            0,
            0,
            0,
            0
        ],
        [
            0,
            46,
            0,
            0,
            0,
            0,
            0,
            0,
            0,
            0
        ],
        [
            0,
            44,
            0,
            0,
            0,
            0,
            0,
            0,
            0,
            0
        ],
        [
            0,
            50,
            0,
            0,
            0,
            0,
            0,
            0,
            0,
            0
        ],
        [
            0,
            53,
            0,
            0,
            0,
            0,
            0,
            0,
            0,
            0
        ],
        [
            0,
            55,
            0,
            0,
            0,
            0,
            0,
            0,
            0,
            0
        ],
        [
            0,
            44,
            0,
            0,
            0,
            0,
            0,
            0,
            0,
            0
        ],
        [
            0,
            53,
            0,
            0,
            0,
            0,
            0,
            0,
            0,
            0
        ],
        [
            0,
            49,
            0,
            0,
            0,
            0,
            0,
            0,
            0,
            0
        ],
        [
            0,
            58,
            0,
            0,
            0,
            0,
            0,
            0,
            0,
            0
        ]
    ],
    "val_classification_report": {
        "plane": {
            "precision": 0.0,
            "recall": 0.0,
            "f1-score": 0.0,
            "support": 48.0
        },
        "car": {
            "precision": 0.092,
            "recall": 1.0,
            "f1-score": 0.16849816849816848,
            "support": 46.0
        },
        "bird": {
            "precision": 0.0,
            "recall": 0.0,
            "f1-score": 0.0,
            "support": 44.0
        },
        "cat": {
            "precision": 0.0,
            "recall": 0.0,
            "f1-score": 0.0,
            "support": 50.0
        },
        "deer": {
            "precision": 0.0,
            "recall": 0.0,
            "f1-score": 0.0,
            "support": 53.0
        },
        "dog": {
            "precision": 0.0,
            "recall": 0.0,
            "f1-score": 0.0,
            "support": 55.0
        },
        "frog": {
            "precision": 0.0,
            "recall": 0.0,
            "f1-score": 0.0,
            "support": 44.0
        },
        "horse": {
            "precision": 0.0,
            "recall": 0.0,
            "f1-score": 0.0,
            "support": 53.0
        },
        "ship": {
            "precision": 0.0,
            "recall": 0.0,
            "f1-score": 0.0,
            "support": 49.0
        },
        "truck": {
            "precision": 0.0,
            "recall": 0.0,
            "f1-score": 0.0,
            "support": 58.0
        },
        "accuracy": 0.092,
        "macro avg": {
            "precision": 0.0092,
            "recall": 0.1,
            "f1-score": 0.01684981684981685,
            "support": 500.0
        },
        "weighted avg": {
            "precision": 0.008464000000000001,
            "recall": 0.092,
            "f1-score": 0.0155018315018315,
            "support": 500.0
        }
    }
}
{
    "epoch": 2,
    "train_loss": 3.6667280793190002,
    "train_accuracy": 13.2,
    "val_loss": 3.6667280793190002,
    "val_accuracy": 13.2,
    "val_confusion_matrix": [
        [
            0,
            0,
            4,
            0,
            0,
            0,
            0,
            0,
            2,
            42
        ],
        [
            0,
            0,
            0,
            0,
            0,
            0,
            0,
            0,
            1,
            45
        ],
        [
            0,
            0,
            6,
            0,
            0,
            0,
            0,
            0,
            1,
            37
        ],
        [
            0,
            0,
            3,
            0,
            0,
            0,
            0,
            0,
            0,
            47
        ],
        [
            0,
            0,
            13,
            0,
            0,
            0,
            0,
            0,
            3,
            37
        ],
        [
            0,
            0,
            4,
            0,
            0,
            0,
            0,
            0,
            1,
            50
        ],
        [
            0,
            0,
            6,
            0,
            0,
            0,
            0,
            0,
            1,
            37
        ],
        [
            0,
            0,
            2,
            0,
            0,
            0,
            0,
            0,
            0,
            51
        ],
        [
            0,
            0,
            2,
            0,
            0,
            0,
            0,
            0,
            4,
            43
        ],
        [
            0,
            0,
            2,
            0,
            0,
            0,
            0,
            0,
            0,
            56
        ]
    ],
    "val_classification_report": {
        "plane": {
            "precision": 0.0,
            "recall": 0.0,
            "f1-score": 0.0,
            "support": 48.0
        },
        "car": {
            "precision": 0.0,
            "recall": 0.0,
            "f1-score": 0.0,
            "support": 46.0
        },
        "bird": {
            "precision": 0.14285714285714285,
            "recall": 0.13636363636363635,
            "f1-score": 0.1395348837209302,
            "support": 44.0
        },
        "cat": {
            "precision": 0.0,
            "recall": 0.0,
            "f1-score": 0.0,
            "support": 50.0
        },
        "deer": {
            "precision": 0.0,
            "recall": 0.0,
            "f1-score": 0.0,
            "support": 53.0
        },
        "dog": {
            "precision": 0.0,
            "recall": 0.0,
            "f1-score": 0.0,
            "support": 55.0
        },
        "frog": {
            "precision": 0.0,
            "recall": 0.0,
            "f1-score": 0.0,
            "support": 44.0
        },
        "horse": {
            "precision": 0.0,
            "recall": 0.0,
            "f1-score": 0.0,
            "support": 53.0
        },
        "ship": {
            "precision": 0.3076923076923077,
            "recall": 0.08163265306122448,
            "f1-score": 0.12903225806451613,
            "support": 49.0
        },
        "truck": {
            "precision": 0.1258426966292135,
            "recall": 0.9655172413793104,
            "f1-score": 0.22266401590457255,
            "support": 58.0
        },
        "accuracy": 0.132,
        "macro avg": {
            "precision": 0.057639214717866406,
            "recall": 0.11835135308041714,
            "f1-score": 0.04912311576900189,
            "support": 500.0
        },
        "weighted avg": {
            "precision": 0.05732302753426349,
            "recall": 0.132,
            "f1-score": 0.05075325690269486,
            "support": 500.0
        }
    }
}
