{
    "epoch": 1,
    "train_loss": 13.548556089401245,
    "train_accuracy": 12.8,
    "val_loss": 13.548556089401245,
    "val_accuracy": 12.8,
    "val_confusion_matrix": [
        [
            0,
            0,
            0,
            0,
            0,
            0,
            0,
            6,
            42,
            0
        ],
        [
            0,
            0,
            0,
            0,
            0,
            0,
            0,
            14,
            41,
            0
        ],
        [
            0,
            0,
            0,
            0,
            0,
            0,
            0,
            24,
            27,
            0
        ],
        [
            0,
            0,
            0,
            0,
            0,
            0,
            0,
            18,
            34,
            0
        ],
        [
            0,
            0,
            0,
            0,
            0,
            0,
            0,
            9,
            29,
            0
        ],
        [
            0,
            0,
            0,
            0,
            0,
            0,
            0,
            17,
            31,
            0
        ],
        [
            0,
            0,
            0,
            0,
            0,
            0,
            0,
            20,
            34,
            0
        ],
        [
            0,
            0,
            0,
            0,
            0,
            0,
            0,
            26,
            29,
            0
        ],
        [
            0,
            0,
            0,
            0,
            0,
            0,
            0,
            5,
            38,
            0
        ],
        [
            0,
            0,
            0,
            0,
            0,
            0,
            0,
            10,
            46,
            0
        ]
    ],
    "val_classification_report": {
        "plane": {
            "precision": 0.0,
            "recall": 0.0,
            "f1-score": 0.0,
            "support": 48.0
        },
        "car": {
            "precision": 0.0,
            "recall": 0.0,
            "f1-score": 0.0,
            "support": 55.0
        },
        "bird": {
            "precision": 0.0,
            "recall": 0.0,
            "f1-score": 0.0,
            "support": 51.0
        },
        "cat": {
            "precision": 0.0,
            "recall": 0.0,
            "f1-score": 0.0,
            "support": 52.0
        },
        "deer": {
            "precision": 0.0,
            "recall": 0.0,
            "f1-score": 0.0,
            "support": 38.0
        },
        "dog": {
            "precision": 0.0,
            "recall": 0.0,
            "f1-score": 0.0,
            "support": 48.0
        },
        "frog": {
            "precision": 0.0,
            "recall": 0.0,
            "f1-score": 0.0,
            "support": 54.0
        },
        "horse": {
            "precision": 0.174496644295302,
            "recall": 0.4727272727272727,
            "f1-score": 0.2549019607843137,
            "support": 55.0
        },
        "ship": {
            "precision": 0.10826210826210826,
            "recall": 0.8837209302325582,
            "f1-score": 0.19289340101522842,
            "support": 43.0
        },
        "truck": {
            "precision": 0.0,
            "recall": 0.0,
            "f1-score": 0.0,
            "support": 56.0
        },
        "accuracy": 0.128,
        "macro avg": {
            "precision": 0.028275875255741028,
            "recall": 0.13564482029598307,
            "f1-score": 0.04477953617995421,
            "support": 500.0
        },
        "weighted avg": {
            "precision": 0.028505172183024532,
            "recall": 0.128,
            "f1-score": 0.04462804817358416,
            "support": 500.0
        }
    }
}
{
    "epoch": 2,
    "train_loss": 23.050357341766357,
    "train_accuracy": 13.8,
    "val_loss": 23.050357341766357,
    "val_accuracy": 13.8,
    "val_confusion_matrix": [
        [
            18,
            30,
            0,
            0,
            0,
            0,
            0,
            0,
            0,
            0
        ],
        [
            4,
            51,
            0,
            0,
            0,
            0,
            0,
            0,
            0,
            0
        ],
        [
            10,
            39,
            0,
            2,
            0,
            0,
            0,
            0,
            0,
            0
        ],
        [
            13,
            39,
            0,
            0,
            0,
            0,
            0,
            0,
            0,
            0
        ],
        [
            7,
            31,
            0,
            0,
            0,
            0,
            0,
            0,
            0,
            0
        ],
        [
            10,
            38,
            0,
            0,
            0,
            0,
            0,
            0,
            0,
            0
        ],
        [
            6,
            48,
            0,
            0,
            0,
            0,
            0,
            0,
            0,
            0
        ],
        [
            5,
            50,
            0,
            0,
            0,
            0,
            0,
            0,
            0,
            0
        ],
        [
            3,
            40,
            0,
            0,
            0,
            0,
            0,
            0,
            0,
            0
        ],
        [
            1,
            55,
            0,
            0,
            0,
            0,
            0,
            0,
            0,
            0
        ]
    ],
    "val_classification_report": {
        "plane": {
            "precision": 0.23376623376623376,
            "recall": 0.375,
            "f1-score": 0.28800000000000003,
            "support": 48.0
        },
        "car": {
            "precision": 0.12114014251781473,
            "recall": 0.9272727272727272,
            "f1-score": 0.2142857142857143,
            "support": 55.0
        },
        "bird": {
            "precision": 0.0,
            "recall": 0.0,
            "f1-score": 0.0,
            "support": 51.0
        },
        "cat": {
            "precision": 0.0,
            "recall": 0.0,
            "f1-score": 0.0,
            "support": 52.0
        },
        "deer": {
            "precision": 0.0,
            "recall": 0.0,
            "f1-score": 0.0,
            "support": 38.0
        },
        "dog": {
            "precision": 0.0,
            "recall": 0.0,
            "f1-score": 0.0,
            "support": 48.0
        },
        "frog": {
            "precision": 0.0,
            "recall": 0.0,
            "f1-score": 0.0,
            "support": 54.0
        },
        "horse": {
            "precision": 0.0,
            "recall": 0.0,
            "f1-score": 0.0,
            "support": 55.0
        },
        "ship": {
            "precision": 0.0,
            "recall": 0.0,
            "f1-score": 0.0,
            "support": 43.0
        },
        "truck": {
            "precision": 0.0,
            "recall": 0.0,
            "f1-score": 0.0,
            "support": 56.0
        },
        "accuracy": 0.138,
        "macro avg": {
            "precision": 0.03549063762840485,
            "recall": 0.13022727272727272,
            "f1-score": 0.050228571428571435,
            "support": 500.0
        },
        "weighted avg": {
            "precision": 0.03576697411851806,
            "recall": 0.138,
            "f1-score": 0.05121942857142858,
            "support": 500.0
        }
    }
}
