{
    "epoch": 1,
    "train_loss": 53.55225467681885,
    "train_accuracy": 12.0,
    "val_loss": 53.55225467681885,
    "val_accuracy": 12.0,
    "val_confusion_matrix": [
        [
            0,
            0,
            0,
            0,
            0,
            0,
            0,
            0,
            0,
            38
        ],
        [
            0,
            0,
            0,
            0,
            0,
            0,
            0,
            0,
            0,
            50
        ],
        [
            0,
            0,
            0,
            0,
            0,
            0,
            0,
            0,
            0,
            51
        ],
        [
            0,
            0,
            0,
            0,
            0,
            0,
            0,
            0,
            0,
            43
        ],
        [
            0,
            0,
            0,
            0,
            0,
            0,
            0,
            0,
            0,
            59
        ],
        [
            0,
            0,
            0,
            0,
            0,
            0,
            0,
            0,
            0,
            54
        ],
        [
            0,
            0,
            0,
            0,
            0,
            0,
            0,
            0,
            0,
            55
        ],
        [
            0,
            0,
            0,
            0,
            0,
            0,
            0,
            0,
            0,
            42
        ],
        [
            0,
            0,
            0,
            0,
            0,
            0,
            0,
            0,
            0,
            48
        ],
        [
            0,
            0,
            0,
            0,
            0,
            0,
            0,
            0,
            0,
            60
        ]
    ],
    "val_classification_report": {
        "plane": {
            "precision": 0.0,
            "recall": 0.0,
            "f1-score": 0.0,
            "support": 38.0
        },
        "car": {
            "precision": 0.0,
            "recall": 0.0,
            "f1-score": 0.0,
            "support": 50.0
        },
        "bird": {
            "precision": 0.0,
            "recall": 0.0,
            "f1-score": 0.0,
            "support": 51.0
        },
        "cat": {
            "precision": 0.0,
            "recall": 0.0,
            "f1-score": 0.0,
            "support": 43.0
        },
        "deer": {
            "precision": 0.0,
            "recall": 0.0,
            "f1-score": 0.0,
            "support": 59.0
        },
        "dog": {
            "precision": 0.0,
            "recall": 0.0,
            "f1-score": 0.0,
            "support": 54.0
        },
        "frog": {
            "precision": 0.0,
            "recall": 0.0,
            "f1-score": 0.0,
            "support": 55.0
        },
        "horse": {
            "precision": 0.0,
            "recall": 0.0,
            "f1-score": 0.0,
            "support": 42.0
        },
        "ship": {
            "precision": 0.0,
            "recall": 0.0,
            "f1-score": 0.0,
            "support": 48.0
        },
        "truck": {
            "precision": 0.12,
            "recall": 1.0,
            "f1-score": 0.21428571428571425,
            "support": 60.0
        },
        "accuracy": 0.12,
        "macro avg": {
            "precision": 0.012,
            "recall": 0.1,
            "f1-score": 0.021428571428571425,
            "support": 500.0
        },
        "weighted avg": {
            "precision": 0.014399999999999998,
            "recall": 0.12,
            "f1-score": 0.025714285714285707,
            "support": 500.0
        }
    }
}
{
    "epoch": 2,
    "train_loss": 75.01274871826172,
    "train_accuracy": 11.2,
    "val_loss": 75.01274871826172,
    "val_accuracy": 11.2,
    "val_confusion_matrix": [
        [
            0,
            0,
            0,
            0,
            0,
            38,
            0,
            0,
            0,
            0
        ],
        [
            0,
            0,
            0,
            0,
            3,
            47,
            0,
            0,
            0,
            0
        ],
        [
            0,
            0,
            0,
            0,
            2,
            49,
            0,
            0,
            0,
            0
        ],
        [
            0,
            0,
            0,
            0,
            4,
            39,
            0,
            0,
            0,
            0
        ],
        [
            0,
            0,
            0,
            0,
            5,
            54,
            0,
            0,
            0,
            0
        ],
        [
            0,
            0,
            0,
            0,
            3,
            51,
            0,
            0,
            0,
            0
        ],
        [
            0,
            0,
            0,
            0,
            3,
            52,
            0,
            0,
            0,
            0
        ],
        [
            0,
            0,
            0,
            0,
            3,
            39,
            0,
            0,
            0,
            0
        ],
        [
            0,
            0,
            0,
            0,
            2,
            46,
            0,
            0,
            0,
            0
        ],
        [
            0,
            0,
            0,
            0,
            1,
            59,
            0,
            0,
            0,
            0
        ]
    ],
    "val_classification_report": {
        "plane": {
            "precision": 0.0,
            "recall": 0.0,
            "f1-score": 0.0,
            "support": 38.0
        },
        "car": {
            "precision": 0.0,
            "recall": 0.0,
            "f1-score": 0.0,
            "support": 50.0
        },
        "bird": {
            "precision": 0.0,
            "recall": 0.0,
            "f1-score": 0.0,
            "support": 51.0
        },
        "cat": {
            "precision": 0.0,
            "recall": 0.0,
            "f1-score": 0.0,
            "support": 43.0
        },
        "deer": {
            "precision": 0.19230769230769232,
            "recall": 0.0847457627118644,
            "f1-score": 0.11764705882352942,
            "support": 59.0
        },
        "dog": {
            "precision": 0.10759493670886076,
            "recall": 0.9444444444444444,
            "f1-score": 0.1931818181818182,
            "support": 54.0
        },
        "frog": {
            "precision": 0.0,
            "recall": 0.0,
            "f1-score": 0.0,
            "support": 55.0
        },
        "horse": {
            "precision": 0.0,
            "recall": 0.0,
            "f1-score": 0.0,
            "support": 42.0
        },
        "ship": {
            "precision": 0.0,
            "recall": 0.0,
            "f1-score": 0.0,
            "support": 48.0
        },
        "truck": {
            "precision": 0.0,
            "recall": 0.0,
            "f1-score": 0.0,
            "support": 60.0
        },
        "accuracy": 0.112,
        "macro avg": {
            "precision": 0.029990262901655306,
            "recall": 0.10291902071563089,
            "f1-score": 0.031082887700534762,
            "support": 500.0
        },
        "weighted avg": {
            "precision": 0.034312560856864655,
            "recall": 0.112,
            "f1-score": 0.03474598930481284,
            "support": 500.0
        }
    }
}
