{
    "epoch": 1,
    "train_loss": 9.31327509880066,
    "train_accuracy": 12.2,
    "val_loss": 9.31327509880066,
    "val_accuracy": 12.2,
    "val_confusion_matrix": [
        [
            0,
            0,
            0,
            0,
            0,
            0,
            0,
            0,
            0,
            36
        ],
        [
            0,
            0,
            0,
            0,
            0,
            0,
            0,
            0,
            0,
            62
        ],
        [
            0,
            0,
            0,
            0,
            0,
            0,
            0,
            0,
            0,
            57
        ],
        [
            0,
            0,
            0,
            0,
            0,
            0,
            0,
            0,
            0,
            43
        ],
        [
            0,
            0,
            0,
            0,
            0,
            0,
            0,
            1,
            0,
            55
        ],
        [
            0,
            0,
            0,
            0,
            0,
            0,
            0,
            0,
            0,
            59
        ],
        [
            0,
            0,
            0,
            0,
            0,
            0,
            0,
            0,
            0,
            38
        ],
        [
            0,
            0,
            0,
            0,
            0,
            0,
            0,
            0,
            0,
            48
        ],
        [
            0,
            0,
            0,
            0,
            0,
            0,
            0,
            0,
            0,
            40
        ],
        [
            0,
            0,
            0,
            0,
            0,
            0,
            0,
            0,
            0,
            61
        ]
    ],
    "val_classification_report": {
        "plane": {
            "precision": 0.0,
            "recall": 0.0,
            "f1-score": 0.0,
            "support": 36.0
        },
        "car": {
            "precision": 0.0,
            "recall": 0.0,
            "f1-score": 0.0,
            "support": 62.0
        },
        "bird": {
            "precision": 0.0,
            "recall": 0.0,
            "f1-score": 0.0,
            "support": 57.0
        },
        "cat": {
            "precision": 0.0,
            "recall": 0.0,
            "f1-score": 0.0,
            "support": 43.0
        },
        "deer": {
            "precision": 0.0,
            "recall": 0.0,
            "f1-score": 0.0,
            "support": 56.0
        },
        "dog": {
            "precision": 0.0,
            "recall": 0.0,
            "f1-score": 0.0,
            "support": 59.0
        },
        "frog": {
            "precision": 0.0,
            "recall": 0.0,
            "f1-score": 0.0,
            "support": 38.0
        },
        "horse": {
            "precision": 0.0,
            "recall": 0.0,
            "f1-score": 0.0,
            "support": 48.0
        },
        "ship": {
            "precision": 0.0,
            "recall": 0.0,
            "f1-score": 0.0,
            "support": 40.0
        },
        "truck": {
            "precision": 0.12224448897795591,
            "recall": 1.0,
            "f1-score": 0.21785714285714286,
            "support": 61.0
        },
        "accuracy": 0.122,
        "macro avg": {
            "precision": 0.01222444889779559,
            "recall": 0.1,
            "f1-score": 0.021785714285714287,
            "support": 500.0
        },
        "weighted avg": {
            "precision": 0.014913827655310621,
            "recall": 0.122,
            "f1-score": 0.02657857142857143,
            "support": 500.0
        }
    }
}
{
    "epoch": 2,
    "train_loss": 44.89252948760986,
    "train_accuracy": 8.6,
    "val_loss": 44.89252948760986,
    "val_accuracy": 8.6,
    "val_confusion_matrix": [
        [
            0,
            0,
            0,
            36,
            0,
            0,
            0,
            0,
            0,
            0
        ],
        [
            0,
            0,
            0,
            62,
            0,
            0,
            0,
            0,
            0,
            0
        ],
        [
            0,
            0,
            0,
            57,
            0,
            0,
            0,
            0,
            0,
            0
        ],
        [
            0,
            0,
            0,
            43,
            0,
            0,
            0,
            0,
            0,
            0
        ],
        [
            0,
            0,
            0,
            56,
            0,
            0,
            0,
            0,
            0,
            0
        ],
        [
            0,
            0,
            0,
            59,
            0,
            0,
            0,
            0,
            0,
            0
        ],
        [
            0,
            0,
            0,
            38,
            0,
            0,
            0,
            0,
            0,
            0
        ],
        [
            0,
            0,
            0,
            48,
            0,
            0,
            0,
            0,
            0,
            0
        ],
        [
            0,
            0,
            0,
            40,
            0,
            0,
            0,
            0,
            0,
            0
        ],
        [
            0,
            0,
            0,
            61,
            0,
            0,
            0,
            0,
            0,
            0
        ]
    ],
    "val_classification_report": {
        "plane": {
            "precision": 0.0,
            "recall": 0.0,
            "f1-score": 0.0,
            "support": 36.0
        },
        "car": {
            "precision": 0.0,
            "recall": 0.0,
            "f1-score": 0.0,
            "support": 62.0
        },
        "bird": {
            "precision": 0.0,
            "recall": 0.0,
            "f1-score": 0.0,
            "support": 57.0
        },
        "cat": {
            "precision": 0.086,
            "recall": 1.0,
            "f1-score": 0.1583793738489871,
            "support": 43.0
        },
        "deer": {
            "precision": 0.0,
            "recall": 0.0,
            "f1-score": 0.0,
            "support": 56.0
        },
        "dog": {
            "precision": 0.0,
            "recall": 0.0,
            "f1-score": 0.0,
            "support": 59.0
        },
        "frog": {
            "precision": 0.0,
            "recall": 0.0,
            "f1-score": 0.0,
            "support": 38.0
        },
        "horse": {
            "precision": 0.0,
            "recall": 0.0,
            "f1-score": 0.0,
            "support": 48.0
        },
        "ship": {
            "precision": 0.0,
            "recall": 0.0,
            "f1-score": 0.0,
            "support": 40.0
        },
        "truck": {
            "precision": 0.0,
            "recall": 0.0,
            "f1-score": 0.0,
            "support": 61.0
        },
        "accuracy": 0.086,
        "macro avg": {
            "precision": 0.0086,
            "recall": 0.1,
            "f1-score": 0.01583793738489871,
            "support": 500.0
        },
        "weighted avg": {
            "precision": 0.007395999999999999,
            "recall": 0.086,
            "f1-score": 0.01362062615101289,
            "support": 500.0
        }
    }
}
