{
    "epoch": 1,
    "train_loss": 45.05542850494385,
    "train_accuracy": 10.6,
    "val_loss": 45.05542850494385,
    "val_accuracy": 10.6,
    "val_confusion_matrix": [
        [
            32,
            0,
            0,
            0,
            0,
            0,
            0,
            0,
            6,
            0
        ],
        [
            21,
            0,
            0,
            0,
            0,
            0,
            0,
            0,
            29,
            0
        ],
        [
            19,
            0,
            0,
            0,
            0,
            0,
            0,
            0,
            32,
            0
        ],
        [
            23,
            0,
            0,
            0,
            0,
            0,
            0,
            0,
            20,
            0
        ],
        [
            25,
            0,
            0,
            0,
            0,
            0,
            0,
            0,
            34,
            0
        ],
        [
            26,
            0,
            0,
            0,
            0,
            0,
            0,
            0,
            28,
            0
        ],
        [
            22,
            0,
            0,
            0,
            0,
            0,
            0,
            0,
            33,
            0
        ],
        [
            23,
            0,
            0,
            0,
            0,
            0,
            0,
            0,
            19,
            0
        ],
        [
            27,
            0,
            0,
            0,
            0,
            0,
            0,
            0,
            21,
            0
        ],
        [
            27,
            0,
            0,
            0,
            0,
            0,
            0,
            0,
            33,
            0
        ]
    ],
    "val_classification_report": {
        "plane": {
            "precision": 0.1306122448979592,
            "recall": 0.8421052631578947,
            "f1-score": 0.22614840989399296,
            "support": 38.0
        },
        "car": {
            "precision": 0.0,
            "recall": 0.0,
            "f1-score": 0.0,
            "support": 50.0
        },
        "bird": {
            "precision": 0.0,
            "recall": 0.0,
            "f1-score": 0.0,
            "support": 51.0
        },
        "cat": {
            "precision": 0.0,
            "recall": 0.0,
            "f1-score": 0.0,
            "support": 43.0
        },
        "deer": {
            "precision": 0.0,
            "recall": 0.0,
            "f1-score": 0.0,
            "support": 59.0
        },
        "dog": {
            "precision": 0.0,
            "recall": 0.0,
            "f1-score": 0.0,
            "support": 54.0
        },
        "frog": {
            "precision": 0.0,
            "recall": 0.0,
            "f1-score": 0.0,
            "support": 55.0
        },
        "horse": {
            "precision": 0.0,
            "recall": 0.0,
            "f1-score": 0.0,
            "support": 42.0
        },
        "ship": {
            "precision": 0.08235294117647059,
            "recall": 0.4375,
            "f1-score": 0.1386138613861386,
            "support": 48.0
        },
        "truck": {
            "precision": 0.0,
            "recall": 0.0,
            "f1-score": 0.0,
            "support": 60.0
        },
        "accuracy": 0.106,
        "macro avg": {
            "precision": 0.021296518607442978,
            "recall": 0.12796052631578947,
            "f1-score": 0.036476227128013156,
            "support": 500.0
        },
        "weighted avg": {
            "precision": 0.017832412965186076,
            "recall": 0.106,
            "f1-score": 0.03049420984501277,
            "support": 500.0
        }
    }
}
{
    "epoch": 2,
    "train_loss": 87.07357978820801,
    "train_accuracy": 11.6,
    "val_loss": 87.07357978820801,
    "val_accuracy": 11.6,
    "val_confusion_matrix": [
        [
            0,
            0,
            0,
            0,
            0,
            38,
            0,
            0,
            0,
            0
        ],
        [
            0,
            0,
            0,
            2,
            0,
            48,
            0,
            0,
            0,
            0
        ],
        [
            0,
            0,
            0,
            0,
            0,
            51,
            0,
            0,
            0,
            0
        ],
        [
            0,
            0,
            0,
            5,
            0,
            38,
            0,
            0,
            0,
            0
        ],
        [
            0,
            0,
            0,
            5,
            0,
            54,
            0,
            0,
            0,
            0
        ],
        [
            0,
            0,
            0,
            1,
            0,
            53,
            0,
            0,
            0,
            0
        ],
        [
            0,
            0,
            0,
            2,
            0,
            53,
            0,
            0,
            0,
            0
        ],
        [
            0,
            0,
            0,
            0,
            0,
            42,
            0,
            0,
            0,
            0
        ],
        [
            0,
            0,
            0,
            1,
            0,
            47,
            0,
            0,
            0,
            0
        ],
        [
            0,
            0,
            0,
            0,
            0,
            60,
            0,
            0,
            0,
            0
        ]
    ],
    "val_classification_report": {
        "plane": {
            "precision": 0.0,
            "recall": 0.0,
            "f1-score": 0.0,
            "support": 38.0
        },
        "car": {
            "precision": 0.0,
            "recall": 0.0,
            "f1-score": 0.0,
            "support": 50.0
        },
        "bird": {
            "precision": 0.0,
            "recall": 0.0,
            "f1-score": 0.0,
            "support": 51.0
        },
        "cat": {
            "precision": 0.3125,
            "recall": 0.11627906976744186,
            "f1-score": 0.16949152542372883,
            "support": 43.0
        },
        "deer": {
            "precision": 0.0,
            "recall": 0.0,
            "f1-score": 0.0,
            "support": 59.0
        },
        "dog": {
            "precision": 0.10950413223140495,
            "recall": 0.9814814814814815,
            "f1-score": 0.19702602230483274,
            "support": 54.0
        },
        "frog": {
            "precision": 0.0,
            "recall": 0.0,
            "f1-score": 0.0,
            "support": 55.0
        },
        "horse": {
            "precision": 0.0,
            "recall": 0.0,
            "f1-score": 0.0,
            "support": 42.0
        },
        "ship": {
            "precision": 0.0,
            "recall": 0.0,
            "f1-score": 0.0,
            "support": 48.0
        },
        "truck": {
            "precision": 0.0,
            "recall": 0.0,
            "f1-score": 0.0,
            "support": 60.0
        },
        "accuracy": 0.116,
        "macro avg": {
            "precision": 0.0422004132231405,
            "recall": 0.10977605512489234,
            "f1-score": 0.03665175477285616,
            "support": 500.0
        },
        "weighted avg": {
            "precision": 0.03870144628099173,
            "recall": 0.116,
            "f1-score": 0.03585508159536261,
            "support": 500.0
        }
    }
}
